,Airline,Date_of_journey,Source,Destination,Dep_time,Arrival_time,Duration,Total_stops,Price
0,Go First,"Wed, Jun 8, 2022",Chennai,Mumbai,13:40,15:40,02 h,Non stop," 8,142"
1,IndiGo,"Wed, Jun 8, 2022",Chennai,Mumbai,04:05,05:55,01 h 50 m,Non stop," 8,143"
2,Air India,"Wed, Jun 8, 2022",Chennai,Mumbai,07:10,09:05,01 h 55 m,Non stop," 8,143"
3,IndiGo,"Wed, Jun 8, 2022",Chennai,Mumbai,09:30,11:40,02 h 10 m,Non stop," 8,143"
4,IndiGo,"Wed, Jun 8, 2022",Chennai,Mumbai,11:50,13:40,01 h 50 m,Non stop," 8,143"
5,IndiGo,"Wed, Jun 8, 2022",Chennai,Mumbai,12:55,14:45,01 h 50 m,Non stop," 8,143"
6,IndiGo,"Wed, Jun 8, 2022",Chennai,Mumbai,20:25,22:30,02 h 05 m,Non stop," 8,143"
7,IndiGo,"Wed, Jun 8, 2022",Chennai,Mumbai,22:20,00:15,01 h 55 m,Non stop," 8,143"
8,Vistara,"Wed, Jun 8, 2022",Chennai,Mumbai,09:45,11:40,01 h 55 m,Non stop," 8,144"
9,Vistara,"Wed, Jun 8, 2022",Chennai,Mumbai,12:30,14:30,02 h,Non stop," 8,144"
10,Vistara,"Wed, Jun 8, 2022",Chennai,Mumbai,20:30,22:35,02 h 05 m,Non stop," 8,144"
11,IndiGo,"Wed, Jun 8, 2022",Chennai,Mumbai,19:30,21:20,01 h 50 m,Non stop," 8,563"
12,SpiceJet,"Wed, Jun 8, 2022",Chennai,Mumbai,05:55,10:35,04 h 40 m,1 stop via Jabalpur," 9,088"
13,Vistara,"Wed, Jun 8, 2022",Chennai,Mumbai,07:00,09:00,02 h,Non stop," 9,194"
14,Air India,"Wed, Jun 8, 2022",Chennai,Mumbai,06:00,12:35,06 h 35 m,1 stop via New Delhi," 9,879"
15,Go First,"Wed, Jun 8, 2022",Chennai,Mumbai,13:40,15:40,02 h,Non stop," 8,142"
16,IndiGo,"Wed, Jun 8, 2022",Chennai,Mumbai,04:05,05:55,01 h 50 m,Non stop," 8,143"
17,Air India,"Wed, Jun 8, 2022",Chennai,Mumbai,07:10,09:05,01 h 55 m,Non stop," 8,143"
18,IndiGo,"Wed, Jun 8, 2022",Chennai,Mumbai,09:30,11:40,02 h 10 m,Non stop," 8,143"
19,IndiGo,"Wed, Jun 8, 2022",Chennai,Mumbai,11:50,13:40,01 h 50 m,Non stop," 8,143"
20,IndiGo,"Wed, Jun 8, 2022",Chennai,Mumbai,12:55,14:45,01 h 50 m,Non stop," 8,143"
21,IndiGo,"Wed, Jun 8, 2022",Chennai,Mumbai,20:25,22:30,02 h 05 m,Non stop," 8,143"
22,IndiGo,"Wed, Jun 8, 2022",Chennai,Mumbai,22:20,00:15,01 h 55 m,Non stop," 8,143"
23,Vistara,"Wed, Jun 8, 2022",Chennai,Mumbai,09:45,11:40,01 h 55 m,Non stop," 8,144"
24,Vistara,"Wed, Jun 8, 2022",Chennai,Mumbai,12:30,14:30,02 h,Non stop," 8,144"
25,Vistara,"Wed, Jun 8, 2022",Chennai,Mumbai,20:30,22:35,02 h 05 m,Non stop," 8,144"
26,IndiGo,"Wed, Jun 8, 2022",Chennai,Mumbai,19:30,21:20,01 h 50 m,Non stop," 8,563"
27,SpiceJet,"Wed, Jun 8, 2022",Chennai,Mumbai,05:55,10:35,04 h 40 m,1 stop via Jabalpur," 9,088"
28,Vistara,"Wed, Jun 8, 2022",Chennai,Mumbai,07:00,09:00,02 h,Non stop," 9,194"
29,Air India,"Wed, Jun 8, 2022",Chennai,Mumbai,06:00,12:35,06 h 35 m,1 stop via New Delhi," 9,879"
30,Go First,"Wed, Jun 8, 2022",Chennai,Mumbai,13:40,15:40,02 h,Non stop," 8,142"
31,IndiGo,"Wed, Jun 8, 2022",Chennai,Mumbai,04:05,05:55,01 h 50 m,Non stop," 8,143"
32,Air India,"Wed, Jun 8, 2022",Chennai,Mumbai,07:10,09:05,01 h 55 m,Non stop," 8,143"
33,IndiGo,"Wed, Jun 8, 2022",Chennai,Mumbai,09:30,11:40,02 h 10 m,Non stop," 8,143"
34,IndiGo,"Wed, Jun 8, 2022",Chennai,Mumbai,11:50,13:40,01 h 50 m,Non stop," 8,143"
35,IndiGo,"Wed, Jun 8, 2022",Chennai,Mumbai,12:55,14:45,01 h 50 m,Non stop," 8,143"
36,IndiGo,"Wed, Jun 8, 2022",Chennai,Mumbai,20:25,22:30,02 h 05 m,Non stop," 8,143"
37,IndiGo,"Wed, Jun 8, 2022",Chennai,Mumbai,22:20,00:15,01 h 55 m,Non stop," 8,143"
38,Vistara,"Wed, Jun 8, 2022",Chennai,Mumbai,09:45,11:40,01 h 55 m,Non stop," 8,144"
39,Vistara,"Wed, Jun 8, 2022",Chennai,Mumbai,12:30,14:30,02 h,Non stop," 8,144"
40,Vistara,"Wed, Jun 8, 2022",Chennai,Mumbai,20:30,22:35,02 h 05 m,Non stop," 8,144"
41,IndiGo,"Wed, Jun 8, 2022",Chennai,Mumbai,19:30,21:20,01 h 50 m,Non stop," 8,563"
42,SpiceJet,"Wed, Jun 8, 2022",Chennai,Mumbai,05:55,10:35,04 h 40 m,1 stop via Jabalpur," 9,088"
43,Vistara,"Wed, Jun 8, 2022",Chennai,Mumbai,07:00,09:00,02 h,Non stop," 9,194"
44,Air India,"Wed, Jun 8, 2022",Chennai,Mumbai,06:00,12:35,06 h 35 m,1 stop via New Delhi," 9,879"
45,Go First,"Wed, Jun 8, 2022",Chennai,Mumbai,13:40,15:40,02 h,Non stop," 8,142"
46,IndiGo,"Wed, Jun 8, 2022",Chennai,Mumbai,04:05,05:55,01 h 50 m,Non stop," 8,143"
47,Air India,"Wed, Jun 8, 2022",Chennai,Mumbai,07:10,09:05,01 h 55 m,Non stop," 8,143"
48,IndiGo,"Wed, Jun 8, 2022",Chennai,Mumbai,09:30,11:40,02 h 10 m,Non stop," 8,143"
49,IndiGo,"Wed, Jun 8, 2022",Chennai,Mumbai,11:50,13:40,01 h 50 m,Non stop," 8,143"
50,IndiGo,"Wed, Jun 8, 2022",Chennai,Mumbai,12:55,14:45,01 h 50 m,Non stop," 8,143"
51,IndiGo,"Wed, Jun 8, 2022",Chennai,Mumbai,20:25,22:30,02 h 05 m,Non stop," 8,143"
52,IndiGo,"Wed, Jun 8, 2022",Chennai,Mumbai,22:20,00:15,01 h 55 m,Non stop," 8,143"
53,Vistara,"Wed, Jun 8, 2022",Chennai,Mumbai,09:45,11:40,01 h 55 m,Non stop," 8,144"
54,Vistara,"Wed, Jun 8, 2022",Chennai,Mumbai,12:30,14:30,02 h,Non stop," 8,144"
55,Vistara,"Wed, Jun 8, 2022",Chennai,Mumbai,20:30,22:35,02 h 05 m,Non stop," 8,144"
56,IndiGo,"Wed, Jun 8, 2022",Chennai,Mumbai,19:30,21:20,01 h 50 m,Non stop," 8,563"
57,SpiceJet,"Wed, Jun 8, 2022",Chennai,Mumbai,05:55,10:35,04 h 40 m,1 stop via Jabalpur," 9,088"
58,Vistara,"Wed, Jun 8, 2022",Chennai,Mumbai,07:00,09:00,02 h,Non stop," 9,194"
59,Air India,"Wed, Jun 8, 2022",Chennai,Mumbai,06:00,12:35,06 h 35 m,1 stop via New Delhi," 9,879"
60,Go First,"Wed, Jun 8, 2022",Chennai,Mumbai,13:40,15:40,02 h,Non stop," 8,142"
61,IndiGo,"Wed, Jun 8, 2022",Chennai,Mumbai,04:05,05:55,01 h 50 m,Non stop," 8,143"
62,Air India,"Wed, Jun 8, 2022",Chennai,Mumbai,07:10,09:05,01 h 55 m,Non stop," 8,143"
63,IndiGo,"Wed, Jun 8, 2022",Chennai,Mumbai,09:30,11:40,02 h 10 m,Non stop," 8,143"
64,IndiGo,"Wed, Jun 8, 2022",Chennai,Mumbai,11:50,13:40,01 h 50 m,Non stop," 8,143"
65,IndiGo,"Wed, Jun 8, 2022",Chennai,Mumbai,12:55,14:45,01 h 50 m,Non stop," 8,143"
66,IndiGo,"Wed, Jun 8, 2022",Chennai,Mumbai,20:25,22:30,02 h 05 m,Non stop," 8,143"
67,IndiGo,"Wed, Jun 8, 2022",Chennai,Mumbai,22:20,00:15,01 h 55 m,Non stop," 8,143"
68,Vistara,"Wed, Jun 8, 2022",Chennai,Mumbai,09:45,11:40,01 h 55 m,Non stop," 8,144"
69,Vistara,"Wed, Jun 8, 2022",Chennai,Mumbai,12:30,14:30,02 h,Non stop," 8,144"
70,Vistara,"Wed, Jun 8, 2022",Chennai,Mumbai,20:30,22:35,02 h 05 m,Non stop," 8,144"
71,IndiGo,"Wed, Jun 8, 2022",Chennai,Mumbai,19:30,21:20,01 h 50 m,Non stop," 8,563"
72,SpiceJet,"Wed, Jun 8, 2022",Chennai,Mumbai,05:55,10:35,04 h 40 m,1 stop via Jabalpur," 9,088"
73,Vistara,"Wed, Jun 8, 2022",Chennai,Mumbai,07:00,09:00,02 h,Non stop," 9,194"
74,Air India,"Wed, Jun 8, 2022",Chennai,Mumbai,06:00,12:35,06 h 35 m,1 stop via New Delhi," 9,879"
75,Go First,"Wed, Jun 8, 2022",Chennai,Mumbai,13:40,15:40,02 h,Non stop," 8,142"
76,IndiGo,"Wed, Jun 8, 2022",Chennai,Mumbai,04:05,05:55,01 h 50 m,Non stop," 8,143"
77,Air India,"Wed, Jun 8, 2022",Chennai,Mumbai,07:10,09:05,01 h 55 m,Non stop," 8,143"
78,IndiGo,"Wed, Jun 8, 2022",Chennai,Mumbai,09:30,11:40,02 h 10 m,Non stop," 8,143"
79,IndiGo,"Wed, Jun 8, 2022",Chennai,Mumbai,11:50,13:40,01 h 50 m,Non stop," 8,143"
80,IndiGo,"Wed, Jun 8, 2022",Chennai,Mumbai,12:55,14:45,01 h 50 m,Non stop," 8,143"
81,IndiGo,"Wed, Jun 8, 2022",Chennai,Mumbai,20:25,22:30,02 h 05 m,Non stop," 8,143"
82,IndiGo,"Wed, Jun 8, 2022",Chennai,Mumbai,22:20,00:15,01 h 55 m,Non stop," 8,143"
83,Vistara,"Wed, Jun 8, 2022",Chennai,Mumbai,09:45,11:40,01 h 55 m,Non stop," 8,144"
84,Vistara,"Wed, Jun 8, 2022",Chennai,Mumbai,12:30,14:30,02 h,Non stop," 8,144"
85,Vistara,"Wed, Jun 8, 2022",Chennai,Mumbai,20:30,22:35,02 h 05 m,Non stop," 8,144"
86,IndiGo,"Wed, Jun 8, 2022",Chennai,Mumbai,19:30,21:20,01 h 50 m,Non stop," 8,563"
87,SpiceJet,"Wed, Jun 8, 2022",Chennai,Mumbai,05:55,10:35,04 h 40 m,1 stop via Jabalpur," 9,088"
88,Vistara,"Wed, Jun 8, 2022",Chennai,Mumbai,07:00,09:00,02 h,Non stop," 9,194"
89,Air India,"Wed, Jun 8, 2022",Chennai,Mumbai,06:00,12:35,06 h 35 m,1 stop via New Delhi," 9,879"
90,Go First,"Wed, Jun 8, 2022",Chennai,Mumbai,13:40,15:40,02 h,Non stop," 8,142"
91,IndiGo,"Wed, Jun 8, 2022",Chennai,Mumbai,04:05,05:55,01 h 50 m,Non stop," 8,143"
92,Air India,"Wed, Jun 8, 2022",Chennai,Mumbai,07:10,09:05,01 h 55 m,Non stop," 8,143"
93,IndiGo,"Wed, Jun 8, 2022",Chennai,Mumbai,09:30,11:40,02 h 10 m,Non stop," 8,143"
94,IndiGo,"Wed, Jun 8, 2022",Chennai,Mumbai,11:50,13:40,01 h 50 m,Non stop," 8,143"
95,IndiGo,"Wed, Jun 8, 2022",Chennai,Mumbai,12:55,14:45,01 h 50 m,Non stop," 8,143"
96,IndiGo,"Wed, Jun 8, 2022",Chennai,Mumbai,20:25,22:30,02 h 05 m,Non stop," 8,143"
97,IndiGo,"Wed, Jun 8, 2022",Chennai,Mumbai,22:20,00:15,01 h 55 m,Non stop," 8,143"
98,Vistara,"Wed, Jun 8, 2022",Chennai,Mumbai,09:45,11:40,01 h 55 m,Non stop," 8,144"
99,Vistara,"Wed, Jun 8, 2022",Chennai,Mumbai,12:30,14:30,02 h,Non stop," 8,144"
100,Vistara,"Wed, Jun 8, 2022",Chennai,Mumbai,20:30,22:35,02 h 05 m,Non stop," 8,144"
101,IndiGo,"Wed, Jun 8, 2022",Chennai,Mumbai,19:30,21:20,01 h 50 m,Non stop," 8,563"
102,SpiceJet,"Wed, Jun 8, 2022",Chennai,Mumbai,05:55,10:35,04 h 40 m,1 stop via Jabalpur," 9,088"
103,Vistara,"Wed, Jun 8, 2022",Chennai,Mumbai,07:00,09:00,02 h,Non stop," 9,194"
104,Air India,"Wed, Jun 8, 2022",Chennai,Mumbai,06:00,12:35,06 h 35 m,1 stop via New Delhi," 9,879"
105,Go First,"Wed, Jun 8, 2022",Chennai,Mumbai,13:40,15:40,02 h,Non stop," 8,142"
106,IndiGo,"Wed, Jun 8, 2022",Chennai,Mumbai,04:05,05:55,01 h 50 m,Non stop," 8,143"
107,Air India,"Wed, Jun 8, 2022",Chennai,Mumbai,07:10,09:05,01 h 55 m,Non stop," 8,143"
108,IndiGo,"Wed, Jun 8, 2022",Chennai,Mumbai,09:30,11:40,02 h 10 m,Non stop," 8,143"
109,IndiGo,"Wed, Jun 8, 2022",Chennai,Mumbai,11:50,13:40,01 h 50 m,Non stop," 8,143"
110,IndiGo,"Wed, Jun 8, 2022",Chennai,Mumbai,12:55,14:45,01 h 50 m,Non stop," 8,143"
111,IndiGo,"Wed, Jun 8, 2022",Chennai,Mumbai,20:25,22:30,02 h 05 m,Non stop," 8,143"
112,IndiGo,"Wed, Jun 8, 2022",Chennai,Mumbai,22:20,00:15,01 h 55 m,Non stop," 8,143"
113,Vistara,"Wed, Jun 8, 2022",Chennai,Mumbai,09:45,11:40,01 h 55 m,Non stop," 8,144"
114,Vistara,"Wed, Jun 8, 2022",Chennai,Mumbai,12:30,14:30,02 h,Non stop," 8,144"
115,Vistara,"Wed, Jun 8, 2022",Chennai,Mumbai,20:30,22:35,02 h 05 m,Non stop," 8,144"
116,IndiGo,"Wed, Jun 8, 2022",Chennai,Mumbai,19:30,21:20,01 h 50 m,Non stop," 8,563"
117,SpiceJet,"Wed, Jun 8, 2022",Chennai,Mumbai,05:55,10:35,04 h 40 m,1 stop via Jabalpur," 9,088"
118,Vistara,"Wed, Jun 8, 2022",Chennai,Mumbai,07:00,09:00,02 h,Non stop," 9,194"
119,Air India,"Wed, Jun 8, 2022",Chennai,Mumbai,06:00,12:35,06 h 35 m,1 stop via New Delhi," 9,879"
120,Go First,"Wed, Jun 8, 2022",Chennai,Mumbai,13:40,15:40,02 h,Non stop," 8,142"
121,IndiGo,"Wed, Jun 8, 2022",Chennai,Mumbai,04:05,05:55,01 h 50 m,Non stop," 8,143"
122,Air India,"Wed, Jun 8, 2022",Chennai,Mumbai,07:10,09:05,01 h 55 m,Non stop," 8,143"
123,IndiGo,"Wed, Jun 8, 2022",Chennai,Mumbai,09:30,11:40,02 h 10 m,Non stop," 8,143"
124,IndiGo,"Wed, Jun 8, 2022",Chennai,Mumbai,11:50,13:40,01 h 50 m,Non stop," 8,143"
125,IndiGo,"Wed, Jun 8, 2022",Chennai,Mumbai,12:55,14:45,01 h 50 m,Non stop," 8,143"
126,IndiGo,"Wed, Jun 8, 2022",Chennai,Mumbai,20:25,22:30,02 h 05 m,Non stop," 8,143"
127,IndiGo,"Wed, Jun 8, 2022",Chennai,Mumbai,22:20,00:15,01 h 55 m,Non stop," 8,143"
128,Vistara,"Wed, Jun 8, 2022",Chennai,Mumbai,09:45,11:40,01 h 55 m,Non stop," 8,144"
129,Vistara,"Wed, Jun 8, 2022",Chennai,Mumbai,12:30,14:30,02 h,Non stop," 8,144"
130,Vistara,"Wed, Jun 8, 2022",Chennai,Mumbai,20:30,22:35,02 h 05 m,Non stop," 8,144"
131,IndiGo,"Wed, Jun 8, 2022",Chennai,Mumbai,19:30,21:20,01 h 50 m,Non stop," 8,563"
132,SpiceJet,"Wed, Jun 8, 2022",Chennai,Mumbai,05:55,10:35,04 h 40 m,1 stop via Jabalpur," 9,088"
133,Vistara,"Wed, Jun 8, 2022",Chennai,Mumbai,07:00,09:00,02 h,Non stop," 9,194"
134,Air India,"Wed, Jun 8, 2022",Chennai,Mumbai,06:00,12:35,06 h 35 m,1 stop via New Delhi," 9,879"
