,Airline,Date_of_journey,Source,Destination,Dep_time,Arrival_time,Duration,Total_stops,Price
0,Go First,"Wed, Jun 8, 2022",Pune,Kolkata,13:40,16:05,02 h 25 m,Non stop," 9,197"
1,Go First,"Wed, Jun 8, 2022",Pune,Kolkata,22:35,07:50,09 h 15 m,1 stop via New Delhi," 9,197"
2,Go First,"Wed, Jun 8, 2022",Pune,Kolkata,21:15,07:50,10 h 35 m,1 stop via New Delhi," 9,197"
3,Go First,"Wed, Jun 8, 2022",Pune,Kolkata,19:35,07:50,12 h 15 m,1 stop via New Delhi," 9,197"
4,SpiceJet,"Wed, Jun 8, 2022",Pune,Kolkata,17:35,09:05,15 h 30 m,1 stop via New Delhi," 9,197"
5,SpiceJet,"Wed, Jun 8, 2022",Pune,Kolkata,22:30,09:15,10 h 45 m,1 stop via Chennai," 9,197"
6,Go First,"Wed, Jun 8, 2022",Pune,Kolkata,22:50,09:45,10 h 55 m,1 stop via Bengaluru," 9,197"
7,Go First,"Wed, Jun 8, 2022",Pune,Kolkata,20:10,09:45,13 h 35 m,1 stop via Bengaluru," 9,197"
8,IndiGo,"Wed, Jun 8, 2022",Pune,Kolkata,06:05,08:35,02 h 30 m,Non stop," 9,198"
9,IndiGo,"Wed, Jun 8, 2022",Pune,Kolkata,23:45,02:25,02 h 40 m,Non stop," 9,198"
10,IndiGo,"Wed, Jun 8, 2022",Pune,Kolkata,02:00,07:50,05 h 50 m,1 stop via New Delhi," 9,198"
11,IndiGo,"Wed, Jun 8, 2022",Pune,Kolkata,03:00,10:05,07 h 05 m,1 stop via Patna," 9,198"
12,IndiGo,"Wed, Jun 8, 2022",Pune,Kolkata,02:50,10:10,07 h 20 m,1 stop via Guwahati," 9,198"
13,IndiGo,"Wed, Jun 8, 2022",Pune,Kolkata,04:35,10:20,05 h 45 m,1 stop via Bengaluru," 9,198"
14,IndiGo,"Wed, Jun 8, 2022",Pune,Kolkata,04:35,14:20,09 h 45 m,1 stop via Bengaluru," 9,198"
15,IndiGo,"Wed, Jun 8, 2022",Pune,Kolkata,23:40,07:35,07 h 55 m,1 stop via Chennai," 9,198"
16,IndiGo,"Wed, Jun 8, 2022",Pune,Kolkata,22:40,09:00,10 h 20 m,1 stop via Ahmedabad," 9,198"
17,Go First,"Wed, Jun 8, 2022",Pune,Kolkata,13:40,16:05,02 h 25 m,Non stop," 9,197"
18,Go First,"Wed, Jun 8, 2022",Pune,Kolkata,22:35,07:50,09 h 15 m,1 stop via New Delhi," 9,197"
19,Go First,"Wed, Jun 8, 2022",Pune,Kolkata,21:15,07:50,10 h 35 m,1 stop via New Delhi," 9,197"
20,Go First,"Wed, Jun 8, 2022",Pune,Kolkata,19:35,07:50,12 h 15 m,1 stop via New Delhi," 9,197"
21,SpiceJet,"Wed, Jun 8, 2022",Pune,Kolkata,17:35,09:05,15 h 30 m,1 stop via New Delhi," 9,197"
22,SpiceJet,"Wed, Jun 8, 2022",Pune,Kolkata,22:30,09:15,10 h 45 m,1 stop via Chennai," 9,197"
23,Go First,"Wed, Jun 8, 2022",Pune,Kolkata,22:50,09:45,10 h 55 m,1 stop via Bengaluru," 9,197"
24,Go First,"Wed, Jun 8, 2022",Pune,Kolkata,20:10,09:45,13 h 35 m,1 stop via Bengaluru," 9,197"
25,IndiGo,"Wed, Jun 8, 2022",Pune,Kolkata,06:05,08:35,02 h 30 m,Non stop," 9,198"
26,IndiGo,"Wed, Jun 8, 2022",Pune,Kolkata,23:45,02:25,02 h 40 m,Non stop," 9,198"
27,IndiGo,"Wed, Jun 8, 2022",Pune,Kolkata,02:00,07:50,05 h 50 m,1 stop via New Delhi," 9,198"
28,IndiGo,"Wed, Jun 8, 2022",Pune,Kolkata,03:00,10:05,07 h 05 m,1 stop via Patna," 9,198"
29,IndiGo,"Wed, Jun 8, 2022",Pune,Kolkata,02:50,10:10,07 h 20 m,1 stop via Guwahati," 9,198"
30,IndiGo,"Wed, Jun 8, 2022",Pune,Kolkata,04:35,10:20,05 h 45 m,1 stop via Bengaluru," 9,198"
31,IndiGo,"Wed, Jun 8, 2022",Pune,Kolkata,04:35,14:20,09 h 45 m,1 stop via Bengaluru," 9,198"
32,IndiGo,"Wed, Jun 8, 2022",Pune,Kolkata,23:40,07:35,07 h 55 m,1 stop via Chennai," 9,198"
33,IndiGo,"Wed, Jun 8, 2022",Pune,Kolkata,22:40,09:00,10 h 20 m,1 stop via Ahmedabad," 9,198"
34,Go First,"Wed, Jun 8, 2022",Pune,Kolkata,13:40,16:05,02 h 25 m,Non stop," 9,197"
35,Go First,"Wed, Jun 8, 2022",Pune,Kolkata,22:35,07:50,09 h 15 m,1 stop via New Delhi," 9,197"
36,Go First,"Wed, Jun 8, 2022",Pune,Kolkata,21:15,07:50,10 h 35 m,1 stop via New Delhi," 9,197"
37,Go First,"Wed, Jun 8, 2022",Pune,Kolkata,19:35,07:50,12 h 15 m,1 stop via New Delhi," 9,197"
38,SpiceJet,"Wed, Jun 8, 2022",Pune,Kolkata,17:35,09:05,15 h 30 m,1 stop via New Delhi," 9,197"
39,SpiceJet,"Wed, Jun 8, 2022",Pune,Kolkata,22:30,09:15,10 h 45 m,1 stop via Chennai," 9,197"
40,Go First,"Wed, Jun 8, 2022",Pune,Kolkata,22:50,09:45,10 h 55 m,1 stop via Bengaluru," 9,197"
41,Go First,"Wed, Jun 8, 2022",Pune,Kolkata,20:10,09:45,13 h 35 m,1 stop via Bengaluru," 9,197"
42,IndiGo,"Wed, Jun 8, 2022",Pune,Kolkata,06:05,08:35,02 h 30 m,Non stop," 9,198"
43,IndiGo,"Wed, Jun 8, 2022",Pune,Kolkata,23:45,02:25,02 h 40 m,Non stop," 9,198"
44,IndiGo,"Wed, Jun 8, 2022",Pune,Kolkata,02:00,07:50,05 h 50 m,1 stop via New Delhi," 9,198"
45,IndiGo,"Wed, Jun 8, 2022",Pune,Kolkata,03:00,10:05,07 h 05 m,1 stop via Patna," 9,198"
46,IndiGo,"Wed, Jun 8, 2022",Pune,Kolkata,02:50,10:10,07 h 20 m,1 stop via Guwahati," 9,198"
47,IndiGo,"Wed, Jun 8, 2022",Pune,Kolkata,04:35,10:20,05 h 45 m,1 stop via Bengaluru," 9,198"
48,IndiGo,"Wed, Jun 8, 2022",Pune,Kolkata,04:35,14:20,09 h 45 m,1 stop via Bengaluru," 9,198"
49,IndiGo,"Wed, Jun 8, 2022",Pune,Kolkata,23:40,07:35,07 h 55 m,1 stop via Chennai," 9,198"
50,IndiGo,"Wed, Jun 8, 2022",Pune,Kolkata,22:40,09:00,10 h 20 m,1 stop via Ahmedabad," 9,198"
51,Go First,"Wed, Jun 8, 2022",Pune,Kolkata,13:40,16:05,02 h 25 m,Non stop," 9,197"
52,Go First,"Wed, Jun 8, 2022",Pune,Kolkata,22:35,07:50,09 h 15 m,1 stop via New Delhi," 9,197"
53,Go First,"Wed, Jun 8, 2022",Pune,Kolkata,21:15,07:50,10 h 35 m,1 stop via New Delhi," 9,197"
54,Go First,"Wed, Jun 8, 2022",Pune,Kolkata,19:35,07:50,12 h 15 m,1 stop via New Delhi," 9,197"
55,SpiceJet,"Wed, Jun 8, 2022",Pune,Kolkata,17:35,09:05,15 h 30 m,1 stop via New Delhi," 9,197"
56,SpiceJet,"Wed, Jun 8, 2022",Pune,Kolkata,22:30,09:15,10 h 45 m,1 stop via Chennai," 9,197"
57,Go First,"Wed, Jun 8, 2022",Pune,Kolkata,22:50,09:45,10 h 55 m,1 stop via Bengaluru," 9,197"
58,Go First,"Wed, Jun 8, 2022",Pune,Kolkata,20:10,09:45,13 h 35 m,1 stop via Bengaluru," 9,197"
59,IndiGo,"Wed, Jun 8, 2022",Pune,Kolkata,06:05,08:35,02 h 30 m,Non stop," 9,198"
60,IndiGo,"Wed, Jun 8, 2022",Pune,Kolkata,23:45,02:25,02 h 40 m,Non stop," 9,198"
61,IndiGo,"Wed, Jun 8, 2022",Pune,Kolkata,02:00,07:50,05 h 50 m,1 stop via New Delhi," 9,198"
62,IndiGo,"Wed, Jun 8, 2022",Pune,Kolkata,03:00,10:05,07 h 05 m,1 stop via Patna," 9,198"
63,IndiGo,"Wed, Jun 8, 2022",Pune,Kolkata,02:50,10:10,07 h 20 m,1 stop via Guwahati," 9,198"
64,IndiGo,"Wed, Jun 8, 2022",Pune,Kolkata,04:35,10:20,05 h 45 m,1 stop via Bengaluru," 9,198"
65,IndiGo,"Wed, Jun 8, 2022",Pune,Kolkata,04:35,14:20,09 h 45 m,1 stop via Bengaluru," 9,198"
66,IndiGo,"Wed, Jun 8, 2022",Pune,Kolkata,23:40,07:35,07 h 55 m,1 stop via Chennai," 9,198"
67,IndiGo,"Wed, Jun 8, 2022",Pune,Kolkata,22:40,09:00,10 h 20 m,1 stop via Ahmedabad," 9,198"
68,Go First,"Wed, Jun 8, 2022",Pune,Kolkata,13:40,16:05,02 h 25 m,Non stop," 9,197"
69,Go First,"Wed, Jun 8, 2022",Pune,Kolkata,22:35,07:50,09 h 15 m,1 stop via New Delhi," 9,197"
70,Go First,"Wed, Jun 8, 2022",Pune,Kolkata,21:15,07:50,10 h 35 m,1 stop via New Delhi," 9,197"
71,Go First,"Wed, Jun 8, 2022",Pune,Kolkata,19:35,07:50,12 h 15 m,1 stop via New Delhi," 9,197"
72,SpiceJet,"Wed, Jun 8, 2022",Pune,Kolkata,17:35,09:05,15 h 30 m,1 stop via New Delhi," 9,197"
73,SpiceJet,"Wed, Jun 8, 2022",Pune,Kolkata,22:30,09:15,10 h 45 m,1 stop via Chennai," 9,197"
74,Go First,"Wed, Jun 8, 2022",Pune,Kolkata,22:50,09:45,10 h 55 m,1 stop via Bengaluru," 9,197"
75,Go First,"Wed, Jun 8, 2022",Pune,Kolkata,20:10,09:45,13 h 35 m,1 stop via Bengaluru," 9,197"
76,IndiGo,"Wed, Jun 8, 2022",Pune,Kolkata,06:05,08:35,02 h 30 m,Non stop," 9,198"
77,IndiGo,"Wed, Jun 8, 2022",Pune,Kolkata,23:45,02:25,02 h 40 m,Non stop," 9,198"
78,IndiGo,"Wed, Jun 8, 2022",Pune,Kolkata,02:00,07:50,05 h 50 m,1 stop via New Delhi," 9,198"
79,IndiGo,"Wed, Jun 8, 2022",Pune,Kolkata,03:00,10:05,07 h 05 m,1 stop via Patna," 9,198"
80,IndiGo,"Wed, Jun 8, 2022",Pune,Kolkata,02:50,10:10,07 h 20 m,1 stop via Guwahati," 9,198"
81,IndiGo,"Wed, Jun 8, 2022",Pune,Kolkata,04:35,10:20,05 h 45 m,1 stop via Bengaluru," 9,198"
82,IndiGo,"Wed, Jun 8, 2022",Pune,Kolkata,04:35,14:20,09 h 45 m,1 stop via Bengaluru," 9,198"
83,IndiGo,"Wed, Jun 8, 2022",Pune,Kolkata,23:40,07:35,07 h 55 m,1 stop via Chennai," 9,198"
84,IndiGo,"Wed, Jun 8, 2022",Pune,Kolkata,22:40,09:00,10 h 20 m,1 stop via Ahmedabad," 9,198"
85,Go First,"Wed, Jun 8, 2022",Pune,Kolkata,13:40,16:05,02 h 25 m,Non stop," 9,197"
86,Go First,"Wed, Jun 8, 2022",Pune,Kolkata,22:35,07:50,09 h 15 m,1 stop via New Delhi," 9,197"
87,Go First,"Wed, Jun 8, 2022",Pune,Kolkata,21:15,07:50,10 h 35 m,1 stop via New Delhi," 9,197"
88,Go First,"Wed, Jun 8, 2022",Pune,Kolkata,19:35,07:50,12 h 15 m,1 stop via New Delhi," 9,197"
89,SpiceJet,"Wed, Jun 8, 2022",Pune,Kolkata,17:35,09:05,15 h 30 m,1 stop via New Delhi," 9,197"
90,SpiceJet,"Wed, Jun 8, 2022",Pune,Kolkata,22:30,09:15,10 h 45 m,1 stop via Chennai," 9,197"
91,Go First,"Wed, Jun 8, 2022",Pune,Kolkata,22:50,09:45,10 h 55 m,1 stop via Bengaluru," 9,197"
92,Go First,"Wed, Jun 8, 2022",Pune,Kolkata,20:10,09:45,13 h 35 m,1 stop via Bengaluru," 9,197"
93,IndiGo,"Wed, Jun 8, 2022",Pune,Kolkata,06:05,08:35,02 h 30 m,Non stop," 9,198"
94,IndiGo,"Wed, Jun 8, 2022",Pune,Kolkata,23:45,02:25,02 h 40 m,Non stop," 9,198"
95,IndiGo,"Wed, Jun 8, 2022",Pune,Kolkata,02:00,07:50,05 h 50 m,1 stop via New Delhi," 9,198"
96,IndiGo,"Wed, Jun 8, 2022",Pune,Kolkata,03:00,10:05,07 h 05 m,1 stop via Patna," 9,198"
97,IndiGo,"Wed, Jun 8, 2022",Pune,Kolkata,02:50,10:10,07 h 20 m,1 stop via Guwahati," 9,198"
98,IndiGo,"Wed, Jun 8, 2022",Pune,Kolkata,04:35,10:20,05 h 45 m,1 stop via Bengaluru," 9,198"
99,IndiGo,"Wed, Jun 8, 2022",Pune,Kolkata,04:35,14:20,09 h 45 m,1 stop via Bengaluru," 9,198"
100,IndiGo,"Wed, Jun 8, 2022",Pune,Kolkata,23:40,07:35,07 h 55 m,1 stop via Chennai," 9,198"
101,IndiGo,"Wed, Jun 8, 2022",Pune,Kolkata,22:40,09:00,10 h 20 m,1 stop via Ahmedabad," 9,198"
102,Go First,"Wed, Jun 8, 2022",Pune,Kolkata,13:40,16:05,02 h 25 m,Non stop," 9,197"
103,Go First,"Wed, Jun 8, 2022",Pune,Kolkata,22:35,07:50,09 h 15 m,1 stop via New Delhi," 9,197"
104,Go First,"Wed, Jun 8, 2022",Pune,Kolkata,21:15,07:50,10 h 35 m,1 stop via New Delhi," 9,197"
105,Go First,"Wed, Jun 8, 2022",Pune,Kolkata,19:35,07:50,12 h 15 m,1 stop via New Delhi," 9,197"
106,SpiceJet,"Wed, Jun 8, 2022",Pune,Kolkata,17:35,09:05,15 h 30 m,1 stop via New Delhi," 9,197"
107,SpiceJet,"Wed, Jun 8, 2022",Pune,Kolkata,22:30,09:15,10 h 45 m,1 stop via Chennai," 9,197"
108,Go First,"Wed, Jun 8, 2022",Pune,Kolkata,22:50,09:45,10 h 55 m,1 stop via Bengaluru," 9,197"
109,Go First,"Wed, Jun 8, 2022",Pune,Kolkata,20:10,09:45,13 h 35 m,1 stop via Bengaluru," 9,197"
110,IndiGo,"Wed, Jun 8, 2022",Pune,Kolkata,06:05,08:35,02 h 30 m,Non stop," 9,198"
111,IndiGo,"Wed, Jun 8, 2022",Pune,Kolkata,23:45,02:25,02 h 40 m,Non stop," 9,198"
112,IndiGo,"Wed, Jun 8, 2022",Pune,Kolkata,02:00,07:50,05 h 50 m,1 stop via New Delhi," 9,198"
113,IndiGo,"Wed, Jun 8, 2022",Pune,Kolkata,03:00,10:05,07 h 05 m,1 stop via Patna," 9,198"
114,IndiGo,"Wed, Jun 8, 2022",Pune,Kolkata,02:50,10:10,07 h 20 m,1 stop via Guwahati," 9,198"
115,IndiGo,"Wed, Jun 8, 2022",Pune,Kolkata,04:35,10:20,05 h 45 m,1 stop via Bengaluru," 9,198"
116,IndiGo,"Wed, Jun 8, 2022",Pune,Kolkata,04:35,14:20,09 h 45 m,1 stop via Bengaluru," 9,198"
117,IndiGo,"Wed, Jun 8, 2022",Pune,Kolkata,23:40,07:35,07 h 55 m,1 stop via Chennai," 9,198"
118,IndiGo,"Wed, Jun 8, 2022",Pune,Kolkata,22:40,09:00,10 h 20 m,1 stop via Ahmedabad," 9,198"
119,Go First,"Wed, Jun 8, 2022",Pune,Kolkata,13:40,16:05,02 h 25 m,Non stop," 9,197"
120,Go First,"Wed, Jun 8, 2022",Pune,Kolkata,22:35,07:50,09 h 15 m,1 stop via New Delhi," 9,197"
121,Go First,"Wed, Jun 8, 2022",Pune,Kolkata,21:15,07:50,10 h 35 m,1 stop via New Delhi," 9,197"
122,Go First,"Wed, Jun 8, 2022",Pune,Kolkata,19:35,07:50,12 h 15 m,1 stop via New Delhi," 9,197"
123,SpiceJet,"Wed, Jun 8, 2022",Pune,Kolkata,17:35,09:05,15 h 30 m,1 stop via New Delhi," 9,197"
124,SpiceJet,"Wed, Jun 8, 2022",Pune,Kolkata,22:30,09:15,10 h 45 m,1 stop via Chennai," 9,197"
125,Go First,"Wed, Jun 8, 2022",Pune,Kolkata,22:50,09:45,10 h 55 m,1 stop via Bengaluru," 9,197"
126,Go First,"Wed, Jun 8, 2022",Pune,Kolkata,20:10,09:45,13 h 35 m,1 stop via Bengaluru," 9,197"
127,IndiGo,"Wed, Jun 8, 2022",Pune,Kolkata,06:05,08:35,02 h 30 m,Non stop," 9,198"
128,IndiGo,"Wed, Jun 8, 2022",Pune,Kolkata,23:45,02:25,02 h 40 m,Non stop," 9,198"
129,IndiGo,"Wed, Jun 8, 2022",Pune,Kolkata,02:00,07:50,05 h 50 m,1 stop via New Delhi," 9,198"
130,IndiGo,"Wed, Jun 8, 2022",Pune,Kolkata,03:00,10:05,07 h 05 m,1 stop via Patna," 9,198"
131,IndiGo,"Wed, Jun 8, 2022",Pune,Kolkata,02:50,10:10,07 h 20 m,1 stop via Guwahati," 9,198"
132,IndiGo,"Wed, Jun 8, 2022",Pune,Kolkata,04:35,10:20,05 h 45 m,1 stop via Bengaluru," 9,198"
133,IndiGo,"Wed, Jun 8, 2022",Pune,Kolkata,04:35,14:20,09 h 45 m,1 stop via Bengaluru," 9,198"
134,IndiGo,"Wed, Jun 8, 2022",Pune,Kolkata,23:40,07:35,07 h 55 m,1 stop via Chennai," 9,198"
135,IndiGo,"Wed, Jun 8, 2022",Pune,Kolkata,22:40,09:00,10 h 20 m,1 stop via Ahmedabad," 9,198"
136,Go First,"Wed, Jun 8, 2022",Pune,Kolkata,13:40,16:05,02 h 25 m,Non stop," 9,197"
137,Go First,"Wed, Jun 8, 2022",Pune,Kolkata,22:35,07:50,09 h 15 m,1 stop via New Delhi," 9,197"
138,Go First,"Wed, Jun 8, 2022",Pune,Kolkata,21:15,07:50,10 h 35 m,1 stop via New Delhi," 9,197"
139,Go First,"Wed, Jun 8, 2022",Pune,Kolkata,19:35,07:50,12 h 15 m,1 stop via New Delhi," 9,197"
140,SpiceJet,"Wed, Jun 8, 2022",Pune,Kolkata,17:35,09:05,15 h 30 m,1 stop via New Delhi," 9,197"
141,SpiceJet,"Wed, Jun 8, 2022",Pune,Kolkata,22:30,09:15,10 h 45 m,1 stop via Chennai," 9,197"
142,Go First,"Wed, Jun 8, 2022",Pune,Kolkata,22:50,09:45,10 h 55 m,1 stop via Bengaluru," 9,197"
143,Go First,"Wed, Jun 8, 2022",Pune,Kolkata,20:10,09:45,13 h 35 m,1 stop via Bengaluru," 9,197"
144,IndiGo,"Wed, Jun 8, 2022",Pune,Kolkata,06:05,08:35,02 h 30 m,Non stop," 9,198"
145,IndiGo,"Wed, Jun 8, 2022",Pune,Kolkata,23:45,02:25,02 h 40 m,Non stop," 9,198"
146,IndiGo,"Wed, Jun 8, 2022",Pune,Kolkata,02:00,07:50,05 h 50 m,1 stop via New Delhi," 9,198"
147,IndiGo,"Wed, Jun 8, 2022",Pune,Kolkata,03:00,10:05,07 h 05 m,1 stop via Patna," 9,198"
148,IndiGo,"Wed, Jun 8, 2022",Pune,Kolkata,02:50,10:10,07 h 20 m,1 stop via Guwahati," 9,198"
149,IndiGo,"Wed, Jun 8, 2022",Pune,Kolkata,04:35,10:20,05 h 45 m,1 stop via Bengaluru," 9,198"
150,IndiGo,"Wed, Jun 8, 2022",Pune,Kolkata,04:35,14:20,09 h 45 m,1 stop via Bengaluru," 9,198"
151,IndiGo,"Wed, Jun 8, 2022",Pune,Kolkata,23:40,07:35,07 h 55 m,1 stop via Chennai," 9,198"
152,IndiGo,"Wed, Jun 8, 2022",Pune,Kolkata,22:40,09:00,10 h 20 m,1 stop via Ahmedabad," 9,198"
