,Airline,Date_of_journey,Source,Destination,Dep_time,Arrival_time,Duration,Total_stops,Price
0,AirAsia,"Wed, Jun 8, 2022",New Delhi,Bengaluru,12:40,23:30,10 h 50 m,"2 stop via Guwahati,Chennai"," 8,892"
1,AirAsia,"Wed, Jun 8, 2022",New Delhi,Bengaluru,05:45,23:30,17 h 45 m,"2 stop via Guwahati,Chennai"," 8,892"
2,Go First,"Wed, Jun 8, 2022",New Delhi,Bengaluru,05:50,08:30,02 h 40 m,Non stop," 8,893"
3,Go First,"Wed, Jun 8, 2022",New Delhi,Bengaluru,11:50,17:05,05 h 15 m,1 stop via Ranchi," 8,893"
4,IndiGo,"Wed, Jun 8, 2022",New Delhi,Bengaluru,02:25,05:15,02 h 50 m,Non stop," 8,894"
5,IndiGo,"Wed, Jun 8, 2022",New Delhi,Bengaluru,03:50,06:40,02 h 50 m,Non stop," 8,894"
6,IndiGo,"Wed, Jun 8, 2022",New Delhi,Bengaluru,05:50,08:35,02 h 45 m,Non stop," 8,894"
7,IndiGo,"Wed, Jun 8, 2022",New Delhi,Bengaluru,21:30,00:15,02 h 45 m,Non stop," 8,894"
8,IndiGo,"Wed, Jun 8, 2022",New Delhi,Bengaluru,22:55,01:45,02 h 50 m,Non stop," 8,894"
9,IndiGo,"Wed, Jun 8, 2022",New Delhi,Bengaluru,05:15,10:15,05 h,1 stop via Nagpur," 8,894"
10,IndiGo,"Wed, Jun 8, 2022",New Delhi,Bengaluru,20:10,23:00,02 h 50 m,Non stop," 9,419"
11,IndiGo,"Wed, Jun 8, 2022",New Delhi,Bengaluru,13:00,21:05,08 h 05 m,1 stop via Jaipur," 9,461"
12,SpiceJet,"Wed, Jun 8, 2022",New Delhi,Bengaluru,06:05,08:55,02 h 50 m,Non stop," 9,523"
13,SpiceJet,"Wed, Jun 8, 2022",New Delhi,Bengaluru,20:00,22:30,02 h 30 m,Non stop," 9,523"
14,Air India,"Wed, Jun 8, 2022",New Delhi,Bengaluru,21:15,00:05,02 h 50 m,Non stop," 9,630"
15,IndiGo,"Wed, Jun 8, 2022",New Delhi,Bengaluru,06:55,09:50,02 h 55 m,Non stop," 9,734"
16,Vistara,"Wed, Jun 8, 2022",New Delhi,Bengaluru,06:15,09:00,02 h 45 m,Non stop," 9,735"
17,AirAsia,"Wed, Jun 8, 2022",New Delhi,Bengaluru,12:40,23:30,10 h 50 m,"2 stop via Guwahati,Chennai"," 8,892"
18,AirAsia,"Wed, Jun 8, 2022",New Delhi,Bengaluru,05:45,23:30,17 h 45 m,"2 stop via Guwahati,Chennai"," 8,892"
19,Go First,"Wed, Jun 8, 2022",New Delhi,Bengaluru,05:50,08:30,02 h 40 m,Non stop," 8,893"
20,Go First,"Wed, Jun 8, 2022",New Delhi,Bengaluru,11:50,17:05,05 h 15 m,1 stop via Ranchi," 8,893"
21,IndiGo,"Wed, Jun 8, 2022",New Delhi,Bengaluru,02:25,05:15,02 h 50 m,Non stop," 8,894"
22,IndiGo,"Wed, Jun 8, 2022",New Delhi,Bengaluru,03:50,06:40,02 h 50 m,Non stop," 8,894"
23,IndiGo,"Wed, Jun 8, 2022",New Delhi,Bengaluru,05:50,08:35,02 h 45 m,Non stop," 8,894"
24,IndiGo,"Wed, Jun 8, 2022",New Delhi,Bengaluru,21:30,00:15,02 h 45 m,Non stop," 8,894"
25,IndiGo,"Wed, Jun 8, 2022",New Delhi,Bengaluru,22:55,01:45,02 h 50 m,Non stop," 8,894"
26,IndiGo,"Wed, Jun 8, 2022",New Delhi,Bengaluru,05:15,10:15,05 h,1 stop via Nagpur," 8,894"
27,IndiGo,"Wed, Jun 8, 2022",New Delhi,Bengaluru,20:10,23:00,02 h 50 m,Non stop," 9,419"
28,IndiGo,"Wed, Jun 8, 2022",New Delhi,Bengaluru,13:00,21:05,08 h 05 m,1 stop via Jaipur," 9,461"
29,SpiceJet,"Wed, Jun 8, 2022",New Delhi,Bengaluru,06:05,08:55,02 h 50 m,Non stop," 9,523"
30,SpiceJet,"Wed, Jun 8, 2022",New Delhi,Bengaluru,20:00,22:30,02 h 30 m,Non stop," 9,523"
31,Air India,"Wed, Jun 8, 2022",New Delhi,Bengaluru,21:15,00:05,02 h 50 m,Non stop," 9,630"
32,IndiGo,"Wed, Jun 8, 2022",New Delhi,Bengaluru,06:55,09:50,02 h 55 m,Non stop," 9,734"
33,Vistara,"Wed, Jun 8, 2022",New Delhi,Bengaluru,06:15,09:00,02 h 45 m,Non stop," 9,735"
34,AirAsia,"Wed, Jun 8, 2022",New Delhi,Bengaluru,12:40,23:30,10 h 50 m,"2 stop via Guwahati,Chennai"," 8,892"
35,AirAsia,"Wed, Jun 8, 2022",New Delhi,Bengaluru,05:45,23:30,17 h 45 m,"2 stop via Guwahati,Chennai"," 8,892"
36,Go First,"Wed, Jun 8, 2022",New Delhi,Bengaluru,05:50,08:30,02 h 40 m,Non stop," 8,893"
37,Go First,"Wed, Jun 8, 2022",New Delhi,Bengaluru,11:50,17:05,05 h 15 m,1 stop via Ranchi," 8,893"
38,IndiGo,"Wed, Jun 8, 2022",New Delhi,Bengaluru,02:25,05:15,02 h 50 m,Non stop," 8,894"
39,IndiGo,"Wed, Jun 8, 2022",New Delhi,Bengaluru,03:50,06:40,02 h 50 m,Non stop," 8,894"
40,IndiGo,"Wed, Jun 8, 2022",New Delhi,Bengaluru,05:50,08:35,02 h 45 m,Non stop," 8,894"
41,IndiGo,"Wed, Jun 8, 2022",New Delhi,Bengaluru,21:30,00:15,02 h 45 m,Non stop," 8,894"
42,IndiGo,"Wed, Jun 8, 2022",New Delhi,Bengaluru,22:55,01:45,02 h 50 m,Non stop," 8,894"
43,IndiGo,"Wed, Jun 8, 2022",New Delhi,Bengaluru,05:15,10:15,05 h,1 stop via Nagpur," 8,894"
44,IndiGo,"Wed, Jun 8, 2022",New Delhi,Bengaluru,20:10,23:00,02 h 50 m,Non stop," 9,419"
45,IndiGo,"Wed, Jun 8, 2022",New Delhi,Bengaluru,13:00,21:05,08 h 05 m,1 stop via Jaipur," 9,461"
46,SpiceJet,"Wed, Jun 8, 2022",New Delhi,Bengaluru,06:05,08:55,02 h 50 m,Non stop," 9,523"
47,SpiceJet,"Wed, Jun 8, 2022",New Delhi,Bengaluru,20:00,22:30,02 h 30 m,Non stop," 9,523"
48,Air India,"Wed, Jun 8, 2022",New Delhi,Bengaluru,21:15,00:05,02 h 50 m,Non stop," 9,630"
49,IndiGo,"Wed, Jun 8, 2022",New Delhi,Bengaluru,06:55,09:50,02 h 55 m,Non stop," 9,734"
50,Vistara,"Wed, Jun 8, 2022",New Delhi,Bengaluru,06:15,09:00,02 h 45 m,Non stop," 9,735"
51,AirAsia,"Wed, Jun 8, 2022",New Delhi,Bengaluru,12:40,23:30,10 h 50 m,"2 stop via Guwahati,Chennai"," 8,892"
52,AirAsia,"Wed, Jun 8, 2022",New Delhi,Bengaluru,05:45,23:30,17 h 45 m,"2 stop via Guwahati,Chennai"," 8,892"
53,Go First,"Wed, Jun 8, 2022",New Delhi,Bengaluru,05:50,08:30,02 h 40 m,Non stop," 8,893"
54,Go First,"Wed, Jun 8, 2022",New Delhi,Bengaluru,11:50,17:05,05 h 15 m,1 stop via Ranchi," 8,893"
55,IndiGo,"Wed, Jun 8, 2022",New Delhi,Bengaluru,02:25,05:15,02 h 50 m,Non stop," 8,894"
56,IndiGo,"Wed, Jun 8, 2022",New Delhi,Bengaluru,03:50,06:40,02 h 50 m,Non stop," 8,894"
57,IndiGo,"Wed, Jun 8, 2022",New Delhi,Bengaluru,05:50,08:35,02 h 45 m,Non stop," 8,894"
58,IndiGo,"Wed, Jun 8, 2022",New Delhi,Bengaluru,21:30,00:15,02 h 45 m,Non stop," 8,894"
59,IndiGo,"Wed, Jun 8, 2022",New Delhi,Bengaluru,22:55,01:45,02 h 50 m,Non stop," 8,894"
60,IndiGo,"Wed, Jun 8, 2022",New Delhi,Bengaluru,05:15,10:15,05 h,1 stop via Nagpur," 8,894"
61,IndiGo,"Wed, Jun 8, 2022",New Delhi,Bengaluru,20:10,23:00,02 h 50 m,Non stop," 9,419"
62,IndiGo,"Wed, Jun 8, 2022",New Delhi,Bengaluru,13:00,21:05,08 h 05 m,1 stop via Jaipur," 9,461"
63,SpiceJet,"Wed, Jun 8, 2022",New Delhi,Bengaluru,06:05,08:55,02 h 50 m,Non stop," 9,523"
64,SpiceJet,"Wed, Jun 8, 2022",New Delhi,Bengaluru,20:00,22:30,02 h 30 m,Non stop," 9,523"
65,Air India,"Wed, Jun 8, 2022",New Delhi,Bengaluru,21:15,00:05,02 h 50 m,Non stop," 9,630"
66,IndiGo,"Wed, Jun 8, 2022",New Delhi,Bengaluru,06:55,09:50,02 h 55 m,Non stop," 9,734"
67,Vistara,"Wed, Jun 8, 2022",New Delhi,Bengaluru,06:15,09:00,02 h 45 m,Non stop," 9,735"
68,AirAsia,"Wed, Jun 8, 2022",New Delhi,Bengaluru,12:40,23:30,10 h 50 m,"2 stop via Guwahati,Chennai"," 8,892"
69,AirAsia,"Wed, Jun 8, 2022",New Delhi,Bengaluru,05:45,23:30,17 h 45 m,"2 stop via Guwahati,Chennai"," 8,892"
70,Go First,"Wed, Jun 8, 2022",New Delhi,Bengaluru,05:50,08:30,02 h 40 m,Non stop," 8,893"
71,Go First,"Wed, Jun 8, 2022",New Delhi,Bengaluru,11:50,17:05,05 h 15 m,1 stop via Ranchi," 8,893"
72,IndiGo,"Wed, Jun 8, 2022",New Delhi,Bengaluru,02:25,05:15,02 h 50 m,Non stop," 8,894"
73,IndiGo,"Wed, Jun 8, 2022",New Delhi,Bengaluru,03:50,06:40,02 h 50 m,Non stop," 8,894"
74,IndiGo,"Wed, Jun 8, 2022",New Delhi,Bengaluru,05:50,08:35,02 h 45 m,Non stop," 8,894"
75,IndiGo,"Wed, Jun 8, 2022",New Delhi,Bengaluru,21:30,00:15,02 h 45 m,Non stop," 8,894"
76,IndiGo,"Wed, Jun 8, 2022",New Delhi,Bengaluru,22:55,01:45,02 h 50 m,Non stop," 8,894"
77,IndiGo,"Wed, Jun 8, 2022",New Delhi,Bengaluru,05:15,10:15,05 h,1 stop via Nagpur," 8,894"
78,IndiGo,"Wed, Jun 8, 2022",New Delhi,Bengaluru,20:10,23:00,02 h 50 m,Non stop," 9,419"
79,IndiGo,"Wed, Jun 8, 2022",New Delhi,Bengaluru,13:00,21:05,08 h 05 m,1 stop via Jaipur," 9,461"
80,SpiceJet,"Wed, Jun 8, 2022",New Delhi,Bengaluru,06:05,08:55,02 h 50 m,Non stop," 9,523"
81,SpiceJet,"Wed, Jun 8, 2022",New Delhi,Bengaluru,20:00,22:30,02 h 30 m,Non stop," 9,523"
82,Air India,"Wed, Jun 8, 2022",New Delhi,Bengaluru,21:15,00:05,02 h 50 m,Non stop," 9,630"
83,IndiGo,"Wed, Jun 8, 2022",New Delhi,Bengaluru,06:55,09:50,02 h 55 m,Non stop," 9,734"
84,Vistara,"Wed, Jun 8, 2022",New Delhi,Bengaluru,06:15,09:00,02 h 45 m,Non stop," 9,735"
85,AirAsia,"Wed, Jun 8, 2022",New Delhi,Bengaluru,12:40,23:30,10 h 50 m,"2 stop via Guwahati,Chennai"," 8,892"
86,AirAsia,"Wed, Jun 8, 2022",New Delhi,Bengaluru,05:45,23:30,17 h 45 m,"2 stop via Guwahati,Chennai"," 8,892"
87,Go First,"Wed, Jun 8, 2022",New Delhi,Bengaluru,05:50,08:30,02 h 40 m,Non stop," 8,893"
88,Go First,"Wed, Jun 8, 2022",New Delhi,Bengaluru,11:50,17:05,05 h 15 m,1 stop via Ranchi," 8,893"
89,IndiGo,"Wed, Jun 8, 2022",New Delhi,Bengaluru,02:25,05:15,02 h 50 m,Non stop," 8,894"
90,IndiGo,"Wed, Jun 8, 2022",New Delhi,Bengaluru,03:50,06:40,02 h 50 m,Non stop," 8,894"
91,IndiGo,"Wed, Jun 8, 2022",New Delhi,Bengaluru,05:50,08:35,02 h 45 m,Non stop," 8,894"
92,IndiGo,"Wed, Jun 8, 2022",New Delhi,Bengaluru,21:30,00:15,02 h 45 m,Non stop," 8,894"
93,IndiGo,"Wed, Jun 8, 2022",New Delhi,Bengaluru,22:55,01:45,02 h 50 m,Non stop," 8,894"
94,IndiGo,"Wed, Jun 8, 2022",New Delhi,Bengaluru,05:15,10:15,05 h,1 stop via Nagpur," 8,894"
95,IndiGo,"Wed, Jun 8, 2022",New Delhi,Bengaluru,20:10,23:00,02 h 50 m,Non stop," 9,419"
96,IndiGo,"Wed, Jun 8, 2022",New Delhi,Bengaluru,13:00,21:05,08 h 05 m,1 stop via Jaipur," 9,461"
97,SpiceJet,"Wed, Jun 8, 2022",New Delhi,Bengaluru,06:05,08:55,02 h 50 m,Non stop," 9,523"
98,SpiceJet,"Wed, Jun 8, 2022",New Delhi,Bengaluru,20:00,22:30,02 h 30 m,Non stop," 9,523"
99,Air India,"Wed, Jun 8, 2022",New Delhi,Bengaluru,21:15,00:05,02 h 50 m,Non stop," 9,630"
100,IndiGo,"Wed, Jun 8, 2022",New Delhi,Bengaluru,06:55,09:50,02 h 55 m,Non stop," 9,734"
101,Vistara,"Wed, Jun 8, 2022",New Delhi,Bengaluru,06:15,09:00,02 h 45 m,Non stop," 9,735"
102,AirAsia,"Wed, Jun 8, 2022",New Delhi,Bengaluru,12:40,23:30,10 h 50 m,"2 stop via Guwahati,Chennai"," 8,892"
103,AirAsia,"Wed, Jun 8, 2022",New Delhi,Bengaluru,05:45,23:30,17 h 45 m,"2 stop via Guwahati,Chennai"," 8,892"
104,Go First,"Wed, Jun 8, 2022",New Delhi,Bengaluru,05:50,08:30,02 h 40 m,Non stop," 8,893"
105,Go First,"Wed, Jun 8, 2022",New Delhi,Bengaluru,11:50,17:05,05 h 15 m,1 stop via Ranchi," 8,893"
106,IndiGo,"Wed, Jun 8, 2022",New Delhi,Bengaluru,02:25,05:15,02 h 50 m,Non stop," 8,894"
107,IndiGo,"Wed, Jun 8, 2022",New Delhi,Bengaluru,03:50,06:40,02 h 50 m,Non stop," 8,894"
108,IndiGo,"Wed, Jun 8, 2022",New Delhi,Bengaluru,05:50,08:35,02 h 45 m,Non stop," 8,894"
109,IndiGo,"Wed, Jun 8, 2022",New Delhi,Bengaluru,21:30,00:15,02 h 45 m,Non stop," 8,894"
110,IndiGo,"Wed, Jun 8, 2022",New Delhi,Bengaluru,22:55,01:45,02 h 50 m,Non stop," 8,894"
111,IndiGo,"Wed, Jun 8, 2022",New Delhi,Bengaluru,05:15,10:15,05 h,1 stop via Nagpur," 8,894"
112,IndiGo,"Wed, Jun 8, 2022",New Delhi,Bengaluru,20:10,23:00,02 h 50 m,Non stop," 9,419"
113,IndiGo,"Wed, Jun 8, 2022",New Delhi,Bengaluru,13:00,21:05,08 h 05 m,1 stop via Jaipur," 9,461"
114,SpiceJet,"Wed, Jun 8, 2022",New Delhi,Bengaluru,06:05,08:55,02 h 50 m,Non stop," 9,523"
115,SpiceJet,"Wed, Jun 8, 2022",New Delhi,Bengaluru,20:00,22:30,02 h 30 m,Non stop," 9,523"
116,Air India,"Wed, Jun 8, 2022",New Delhi,Bengaluru,21:15,00:05,02 h 50 m,Non stop," 9,630"
117,IndiGo,"Wed, Jun 8, 2022",New Delhi,Bengaluru,06:55,09:50,02 h 55 m,Non stop," 9,734"
118,Vistara,"Wed, Jun 8, 2022",New Delhi,Bengaluru,06:15,09:00,02 h 45 m,Non stop," 9,735"
119,AirAsia,"Wed, Jun 8, 2022",New Delhi,Bengaluru,12:40,23:30,10 h 50 m,"2 stop via Guwahati,Chennai"," 8,892"
120,AirAsia,"Wed, Jun 8, 2022",New Delhi,Bengaluru,05:45,23:30,17 h 45 m,"2 stop via Guwahati,Chennai"," 8,892"
121,Go First,"Wed, Jun 8, 2022",New Delhi,Bengaluru,05:50,08:30,02 h 40 m,Non stop," 8,893"
122,Go First,"Wed, Jun 8, 2022",New Delhi,Bengaluru,11:50,17:05,05 h 15 m,1 stop via Ranchi," 8,893"
123,IndiGo,"Wed, Jun 8, 2022",New Delhi,Bengaluru,02:25,05:15,02 h 50 m,Non stop," 8,894"
124,IndiGo,"Wed, Jun 8, 2022",New Delhi,Bengaluru,03:50,06:40,02 h 50 m,Non stop," 8,894"
125,IndiGo,"Wed, Jun 8, 2022",New Delhi,Bengaluru,05:50,08:35,02 h 45 m,Non stop," 8,894"
126,IndiGo,"Wed, Jun 8, 2022",New Delhi,Bengaluru,21:30,00:15,02 h 45 m,Non stop," 8,894"
127,IndiGo,"Wed, Jun 8, 2022",New Delhi,Bengaluru,22:55,01:45,02 h 50 m,Non stop," 8,894"
128,IndiGo,"Wed, Jun 8, 2022",New Delhi,Bengaluru,05:15,10:15,05 h,1 stop via Nagpur," 8,894"
129,IndiGo,"Wed, Jun 8, 2022",New Delhi,Bengaluru,20:10,23:00,02 h 50 m,Non stop," 9,419"
130,IndiGo,"Wed, Jun 8, 2022",New Delhi,Bengaluru,13:00,21:05,08 h 05 m,1 stop via Jaipur," 9,461"
131,SpiceJet,"Wed, Jun 8, 2022",New Delhi,Bengaluru,06:05,08:55,02 h 50 m,Non stop," 9,523"
132,SpiceJet,"Wed, Jun 8, 2022",New Delhi,Bengaluru,20:00,22:30,02 h 30 m,Non stop," 9,523"
133,Air India,"Wed, Jun 8, 2022",New Delhi,Bengaluru,21:15,00:05,02 h 50 m,Non stop," 9,630"
134,IndiGo,"Wed, Jun 8, 2022",New Delhi,Bengaluru,06:55,09:50,02 h 55 m,Non stop," 9,734"
135,Vistara,"Wed, Jun 8, 2022",New Delhi,Bengaluru,06:15,09:00,02 h 45 m,Non stop," 9,735"
136,AirAsia,"Wed, Jun 8, 2022",New Delhi,Bengaluru,12:40,23:30,10 h 50 m,"2 stop via Guwahati,Chennai"," 8,892"
137,AirAsia,"Wed, Jun 8, 2022",New Delhi,Bengaluru,05:45,23:30,17 h 45 m,"2 stop via Guwahati,Chennai"," 8,892"
138,Go First,"Wed, Jun 8, 2022",New Delhi,Bengaluru,05:50,08:30,02 h 40 m,Non stop," 8,893"
139,Go First,"Wed, Jun 8, 2022",New Delhi,Bengaluru,11:50,17:05,05 h 15 m,1 stop via Ranchi," 8,893"
140,IndiGo,"Wed, Jun 8, 2022",New Delhi,Bengaluru,02:25,05:15,02 h 50 m,Non stop," 8,894"
141,IndiGo,"Wed, Jun 8, 2022",New Delhi,Bengaluru,03:50,06:40,02 h 50 m,Non stop," 8,894"
142,IndiGo,"Wed, Jun 8, 2022",New Delhi,Bengaluru,05:50,08:35,02 h 45 m,Non stop," 8,894"
143,IndiGo,"Wed, Jun 8, 2022",New Delhi,Bengaluru,21:30,00:15,02 h 45 m,Non stop," 8,894"
144,IndiGo,"Wed, Jun 8, 2022",New Delhi,Bengaluru,22:55,01:45,02 h 50 m,Non stop," 8,894"
145,IndiGo,"Wed, Jun 8, 2022",New Delhi,Bengaluru,05:15,10:15,05 h,1 stop via Nagpur," 8,894"
146,IndiGo,"Wed, Jun 8, 2022",New Delhi,Bengaluru,20:10,23:00,02 h 50 m,Non stop," 9,419"
147,IndiGo,"Wed, Jun 8, 2022",New Delhi,Bengaluru,13:00,21:05,08 h 05 m,1 stop via Jaipur," 9,461"
148,SpiceJet,"Wed, Jun 8, 2022",New Delhi,Bengaluru,06:05,08:55,02 h 50 m,Non stop," 9,523"
149,SpiceJet,"Wed, Jun 8, 2022",New Delhi,Bengaluru,20:00,22:30,02 h 30 m,Non stop," 9,523"
150,Air India,"Wed, Jun 8, 2022",New Delhi,Bengaluru,21:15,00:05,02 h 50 m,Non stop," 9,630"
151,IndiGo,"Wed, Jun 8, 2022",New Delhi,Bengaluru,06:55,09:50,02 h 55 m,Non stop," 9,734"
152,Vistara,"Wed, Jun 8, 2022",New Delhi,Bengaluru,06:15,09:00,02 h 45 m,Non stop," 9,735"
