,Unnamed: 0,Airline,Date_of_journey,Source,Destination,Dep_time,Arrival_time,Duration,Total_stops,Price
0,0,AirAsia,"Wed, Jun 8, 2022",New Delhi,Bengaluru,12:40,23:30,10 h 50 m,"2 stop via Guwahati,Chennai"," 8,892"
1,1,AirAsia,"Wed, Jun 8, 2022",New Delhi,Bengaluru,05:45,23:30,17 h 45 m,"2 stop via Guwahati,Chennai"," 8,892"
2,2,Go First,"Wed, Jun 8, 2022",New Delhi,Bengaluru,05:50,08:30,02 h 40 m,Non stop," 8,893"
3,3,Go First,"Wed, Jun 8, 2022",New Delhi,Bengaluru,11:50,17:05,05 h 15 m,1 stop via Ranchi," 8,893"
4,4,IndiGo,"Wed, Jun 8, 2022",New Delhi,Bengaluru,02:25,05:15,02 h 50 m,Non stop," 8,894"
5,5,IndiGo,"Wed, Jun 8, 2022",New Delhi,Bengaluru,03:50,06:40,02 h 50 m,Non stop," 8,894"
6,6,IndiGo,"Wed, Jun 8, 2022",New Delhi,Bengaluru,05:50,08:35,02 h 45 m,Non stop," 8,894"
7,7,IndiGo,"Wed, Jun 8, 2022",New Delhi,Bengaluru,21:30,00:15,02 h 45 m,Non stop," 8,894"
8,8,IndiGo,"Wed, Jun 8, 2022",New Delhi,Bengaluru,22:55,01:45,02 h 50 m,Non stop," 8,894"
9,9,IndiGo,"Wed, Jun 8, 2022",New Delhi,Bengaluru,05:15,10:15,05 h,1 stop via Nagpur," 8,894"
10,10,IndiGo,"Wed, Jun 8, 2022",New Delhi,Bengaluru,20:10,23:00,02 h 50 m,Non stop," 9,419"
11,11,IndiGo,"Wed, Jun 8, 2022",New Delhi,Bengaluru,13:00,21:05,08 h 05 m,1 stop via Jaipur," 9,461"
12,12,SpiceJet,"Wed, Jun 8, 2022",New Delhi,Bengaluru,06:05,08:55,02 h 50 m,Non stop," 9,523"
13,13,SpiceJet,"Wed, Jun 8, 2022",New Delhi,Bengaluru,20:00,22:30,02 h 30 m,Non stop," 9,523"
14,14,Air India,"Wed, Jun 8, 2022",New Delhi,Bengaluru,21:15,00:05,02 h 50 m,Non stop," 9,630"
15,15,IndiGo,"Wed, Jun 8, 2022",New Delhi,Bengaluru,06:55,09:50,02 h 55 m,Non stop," 9,734"
16,16,Vistara,"Wed, Jun 8, 2022",New Delhi,Bengaluru,06:15,09:00,02 h 45 m,Non stop," 9,735"
17,17,AirAsia,"Wed, Jun 8, 2022",New Delhi,Bengaluru,12:40,23:30,10 h 50 m,"2 stop via Guwahati,Chennai"," 8,892"
18,18,AirAsia,"Wed, Jun 8, 2022",New Delhi,Bengaluru,05:45,23:30,17 h 45 m,"2 stop via Guwahati,Chennai"," 8,892"
19,19,Go First,"Wed, Jun 8, 2022",New Delhi,Bengaluru,05:50,08:30,02 h 40 m,Non stop," 8,893"
20,20,Go First,"Wed, Jun 8, 2022",New Delhi,Bengaluru,11:50,17:05,05 h 15 m,1 stop via Ranchi," 8,893"
21,21,IndiGo,"Wed, Jun 8, 2022",New Delhi,Bengaluru,02:25,05:15,02 h 50 m,Non stop," 8,894"
22,22,IndiGo,"Wed, Jun 8, 2022",New Delhi,Bengaluru,03:50,06:40,02 h 50 m,Non stop," 8,894"
23,23,IndiGo,"Wed, Jun 8, 2022",New Delhi,Bengaluru,05:50,08:35,02 h 45 m,Non stop," 8,894"
24,24,IndiGo,"Wed, Jun 8, 2022",New Delhi,Bengaluru,21:30,00:15,02 h 45 m,Non stop," 8,894"
25,25,IndiGo,"Wed, Jun 8, 2022",New Delhi,Bengaluru,22:55,01:45,02 h 50 m,Non stop," 8,894"
26,26,IndiGo,"Wed, Jun 8, 2022",New Delhi,Bengaluru,05:15,10:15,05 h,1 stop via Nagpur," 8,894"
27,27,IndiGo,"Wed, Jun 8, 2022",New Delhi,Bengaluru,20:10,23:00,02 h 50 m,Non stop," 9,419"
28,28,IndiGo,"Wed, Jun 8, 2022",New Delhi,Bengaluru,13:00,21:05,08 h 05 m,1 stop via Jaipur," 9,461"
29,29,SpiceJet,"Wed, Jun 8, 2022",New Delhi,Bengaluru,06:05,08:55,02 h 50 m,Non stop," 9,523"
30,30,SpiceJet,"Wed, Jun 8, 2022",New Delhi,Bengaluru,20:00,22:30,02 h 30 m,Non stop," 9,523"
31,31,Air India,"Wed, Jun 8, 2022",New Delhi,Bengaluru,21:15,00:05,02 h 50 m,Non stop," 9,630"
32,32,IndiGo,"Wed, Jun 8, 2022",New Delhi,Bengaluru,06:55,09:50,02 h 55 m,Non stop," 9,734"
33,33,Vistara,"Wed, Jun 8, 2022",New Delhi,Bengaluru,06:15,09:00,02 h 45 m,Non stop," 9,735"
34,34,AirAsia,"Wed, Jun 8, 2022",New Delhi,Bengaluru,12:40,23:30,10 h 50 m,"2 stop via Guwahati,Chennai"," 8,892"
35,35,AirAsia,"Wed, Jun 8, 2022",New Delhi,Bengaluru,05:45,23:30,17 h 45 m,"2 stop via Guwahati,Chennai"," 8,892"
36,36,Go First,"Wed, Jun 8, 2022",New Delhi,Bengaluru,05:50,08:30,02 h 40 m,Non stop," 8,893"
37,37,Go First,"Wed, Jun 8, 2022",New Delhi,Bengaluru,11:50,17:05,05 h 15 m,1 stop via Ranchi," 8,893"
38,38,IndiGo,"Wed, Jun 8, 2022",New Delhi,Bengaluru,02:25,05:15,02 h 50 m,Non stop," 8,894"
39,39,IndiGo,"Wed, Jun 8, 2022",New Delhi,Bengaluru,03:50,06:40,02 h 50 m,Non stop," 8,894"
40,40,IndiGo,"Wed, Jun 8, 2022",New Delhi,Bengaluru,05:50,08:35,02 h 45 m,Non stop," 8,894"
41,41,IndiGo,"Wed, Jun 8, 2022",New Delhi,Bengaluru,21:30,00:15,02 h 45 m,Non stop," 8,894"
42,42,IndiGo,"Wed, Jun 8, 2022",New Delhi,Bengaluru,22:55,01:45,02 h 50 m,Non stop," 8,894"
43,43,IndiGo,"Wed, Jun 8, 2022",New Delhi,Bengaluru,05:15,10:15,05 h,1 stop via Nagpur," 8,894"
44,44,IndiGo,"Wed, Jun 8, 2022",New Delhi,Bengaluru,20:10,23:00,02 h 50 m,Non stop," 9,419"
45,45,IndiGo,"Wed, Jun 8, 2022",New Delhi,Bengaluru,13:00,21:05,08 h 05 m,1 stop via Jaipur," 9,461"
46,46,SpiceJet,"Wed, Jun 8, 2022",New Delhi,Bengaluru,06:05,08:55,02 h 50 m,Non stop," 9,523"
47,47,SpiceJet,"Wed, Jun 8, 2022",New Delhi,Bengaluru,20:00,22:30,02 h 30 m,Non stop," 9,523"
48,48,Air India,"Wed, Jun 8, 2022",New Delhi,Bengaluru,21:15,00:05,02 h 50 m,Non stop," 9,630"
49,49,IndiGo,"Wed, Jun 8, 2022",New Delhi,Bengaluru,06:55,09:50,02 h 55 m,Non stop," 9,734"
50,50,Vistara,"Wed, Jun 8, 2022",New Delhi,Bengaluru,06:15,09:00,02 h 45 m,Non stop," 9,735"
51,51,AirAsia,"Wed, Jun 8, 2022",New Delhi,Bengaluru,12:40,23:30,10 h 50 m,"2 stop via Guwahati,Chennai"," 8,892"
52,52,AirAsia,"Wed, Jun 8, 2022",New Delhi,Bengaluru,05:45,23:30,17 h 45 m,"2 stop via Guwahati,Chennai"," 8,892"
53,53,Go First,"Wed, Jun 8, 2022",New Delhi,Bengaluru,05:50,08:30,02 h 40 m,Non stop," 8,893"
54,54,Go First,"Wed, Jun 8, 2022",New Delhi,Bengaluru,11:50,17:05,05 h 15 m,1 stop via Ranchi," 8,893"
55,55,IndiGo,"Wed, Jun 8, 2022",New Delhi,Bengaluru,02:25,05:15,02 h 50 m,Non stop," 8,894"
56,56,IndiGo,"Wed, Jun 8, 2022",New Delhi,Bengaluru,03:50,06:40,02 h 50 m,Non stop," 8,894"
57,57,IndiGo,"Wed, Jun 8, 2022",New Delhi,Bengaluru,05:50,08:35,02 h 45 m,Non stop," 8,894"
58,58,IndiGo,"Wed, Jun 8, 2022",New Delhi,Bengaluru,21:30,00:15,02 h 45 m,Non stop," 8,894"
59,59,IndiGo,"Wed, Jun 8, 2022",New Delhi,Bengaluru,22:55,01:45,02 h 50 m,Non stop," 8,894"
60,60,IndiGo,"Wed, Jun 8, 2022",New Delhi,Bengaluru,05:15,10:15,05 h,1 stop via Nagpur," 8,894"
61,61,IndiGo,"Wed, Jun 8, 2022",New Delhi,Bengaluru,20:10,23:00,02 h 50 m,Non stop," 9,419"
62,62,IndiGo,"Wed, Jun 8, 2022",New Delhi,Bengaluru,13:00,21:05,08 h 05 m,1 stop via Jaipur," 9,461"
63,63,SpiceJet,"Wed, Jun 8, 2022",New Delhi,Bengaluru,06:05,08:55,02 h 50 m,Non stop," 9,523"
64,64,SpiceJet,"Wed, Jun 8, 2022",New Delhi,Bengaluru,20:00,22:30,02 h 30 m,Non stop," 9,523"
65,65,Air India,"Wed, Jun 8, 2022",New Delhi,Bengaluru,21:15,00:05,02 h 50 m,Non stop," 9,630"
66,66,IndiGo,"Wed, Jun 8, 2022",New Delhi,Bengaluru,06:55,09:50,02 h 55 m,Non stop," 9,734"
67,67,Vistara,"Wed, Jun 8, 2022",New Delhi,Bengaluru,06:15,09:00,02 h 45 m,Non stop," 9,735"
68,68,AirAsia,"Wed, Jun 8, 2022",New Delhi,Bengaluru,12:40,23:30,10 h 50 m,"2 stop via Guwahati,Chennai"," 8,892"
69,69,AirAsia,"Wed, Jun 8, 2022",New Delhi,Bengaluru,05:45,23:30,17 h 45 m,"2 stop via Guwahati,Chennai"," 8,892"
70,70,Go First,"Wed, Jun 8, 2022",New Delhi,Bengaluru,05:50,08:30,02 h 40 m,Non stop," 8,893"
71,71,Go First,"Wed, Jun 8, 2022",New Delhi,Bengaluru,11:50,17:05,05 h 15 m,1 stop via Ranchi," 8,893"
72,72,IndiGo,"Wed, Jun 8, 2022",New Delhi,Bengaluru,02:25,05:15,02 h 50 m,Non stop," 8,894"
73,73,IndiGo,"Wed, Jun 8, 2022",New Delhi,Bengaluru,03:50,06:40,02 h 50 m,Non stop," 8,894"
74,74,IndiGo,"Wed, Jun 8, 2022",New Delhi,Bengaluru,05:50,08:35,02 h 45 m,Non stop," 8,894"
75,75,IndiGo,"Wed, Jun 8, 2022",New Delhi,Bengaluru,21:30,00:15,02 h 45 m,Non stop," 8,894"
76,76,IndiGo,"Wed, Jun 8, 2022",New Delhi,Bengaluru,22:55,01:45,02 h 50 m,Non stop," 8,894"
77,77,IndiGo,"Wed, Jun 8, 2022",New Delhi,Bengaluru,05:15,10:15,05 h,1 stop via Nagpur," 8,894"
78,78,IndiGo,"Wed, Jun 8, 2022",New Delhi,Bengaluru,20:10,23:00,02 h 50 m,Non stop," 9,419"
79,79,IndiGo,"Wed, Jun 8, 2022",New Delhi,Bengaluru,13:00,21:05,08 h 05 m,1 stop via Jaipur," 9,461"
80,80,SpiceJet,"Wed, Jun 8, 2022",New Delhi,Bengaluru,06:05,08:55,02 h 50 m,Non stop," 9,523"
81,81,SpiceJet,"Wed, Jun 8, 2022",New Delhi,Bengaluru,20:00,22:30,02 h 30 m,Non stop," 9,523"
82,82,Air India,"Wed, Jun 8, 2022",New Delhi,Bengaluru,21:15,00:05,02 h 50 m,Non stop," 9,630"
83,83,IndiGo,"Wed, Jun 8, 2022",New Delhi,Bengaluru,06:55,09:50,02 h 55 m,Non stop," 9,734"
84,84,Vistara,"Wed, Jun 8, 2022",New Delhi,Bengaluru,06:15,09:00,02 h 45 m,Non stop," 9,735"
85,85,AirAsia,"Wed, Jun 8, 2022",New Delhi,Bengaluru,12:40,23:30,10 h 50 m,"2 stop via Guwahati,Chennai"," 8,892"
86,86,AirAsia,"Wed, Jun 8, 2022",New Delhi,Bengaluru,05:45,23:30,17 h 45 m,"2 stop via Guwahati,Chennai"," 8,892"
87,87,Go First,"Wed, Jun 8, 2022",New Delhi,Bengaluru,05:50,08:30,02 h 40 m,Non stop," 8,893"
88,88,Go First,"Wed, Jun 8, 2022",New Delhi,Bengaluru,11:50,17:05,05 h 15 m,1 stop via Ranchi," 8,893"
89,89,IndiGo,"Wed, Jun 8, 2022",New Delhi,Bengaluru,02:25,05:15,02 h 50 m,Non stop," 8,894"
90,90,IndiGo,"Wed, Jun 8, 2022",New Delhi,Bengaluru,03:50,06:40,02 h 50 m,Non stop," 8,894"
91,91,IndiGo,"Wed, Jun 8, 2022",New Delhi,Bengaluru,05:50,08:35,02 h 45 m,Non stop," 8,894"
92,92,IndiGo,"Wed, Jun 8, 2022",New Delhi,Bengaluru,21:30,00:15,02 h 45 m,Non stop," 8,894"
93,93,IndiGo,"Wed, Jun 8, 2022",New Delhi,Bengaluru,22:55,01:45,02 h 50 m,Non stop," 8,894"
94,94,IndiGo,"Wed, Jun 8, 2022",New Delhi,Bengaluru,05:15,10:15,05 h,1 stop via Nagpur," 8,894"
95,95,IndiGo,"Wed, Jun 8, 2022",New Delhi,Bengaluru,20:10,23:00,02 h 50 m,Non stop," 9,419"
96,96,IndiGo,"Wed, Jun 8, 2022",New Delhi,Bengaluru,13:00,21:05,08 h 05 m,1 stop via Jaipur," 9,461"
97,97,SpiceJet,"Wed, Jun 8, 2022",New Delhi,Bengaluru,06:05,08:55,02 h 50 m,Non stop," 9,523"
98,98,SpiceJet,"Wed, Jun 8, 2022",New Delhi,Bengaluru,20:00,22:30,02 h 30 m,Non stop," 9,523"
99,99,Air India,"Wed, Jun 8, 2022",New Delhi,Bengaluru,21:15,00:05,02 h 50 m,Non stop," 9,630"
100,100,IndiGo,"Wed, Jun 8, 2022",New Delhi,Bengaluru,06:55,09:50,02 h 55 m,Non stop," 9,734"
101,101,Vistara,"Wed, Jun 8, 2022",New Delhi,Bengaluru,06:15,09:00,02 h 45 m,Non stop," 9,735"
102,102,AirAsia,"Wed, Jun 8, 2022",New Delhi,Bengaluru,12:40,23:30,10 h 50 m,"2 stop via Guwahati,Chennai"," 8,892"
103,103,AirAsia,"Wed, Jun 8, 2022",New Delhi,Bengaluru,05:45,23:30,17 h 45 m,"2 stop via Guwahati,Chennai"," 8,892"
104,104,Go First,"Wed, Jun 8, 2022",New Delhi,Bengaluru,05:50,08:30,02 h 40 m,Non stop," 8,893"
105,105,Go First,"Wed, Jun 8, 2022",New Delhi,Bengaluru,11:50,17:05,05 h 15 m,1 stop via Ranchi," 8,893"
106,106,IndiGo,"Wed, Jun 8, 2022",New Delhi,Bengaluru,02:25,05:15,02 h 50 m,Non stop," 8,894"
107,107,IndiGo,"Wed, Jun 8, 2022",New Delhi,Bengaluru,03:50,06:40,02 h 50 m,Non stop," 8,894"
108,108,IndiGo,"Wed, Jun 8, 2022",New Delhi,Bengaluru,05:50,08:35,02 h 45 m,Non stop," 8,894"
109,109,IndiGo,"Wed, Jun 8, 2022",New Delhi,Bengaluru,21:30,00:15,02 h 45 m,Non stop," 8,894"
110,110,IndiGo,"Wed, Jun 8, 2022",New Delhi,Bengaluru,22:55,01:45,02 h 50 m,Non stop," 8,894"
111,111,IndiGo,"Wed, Jun 8, 2022",New Delhi,Bengaluru,05:15,10:15,05 h,1 stop via Nagpur," 8,894"
112,112,IndiGo,"Wed, Jun 8, 2022",New Delhi,Bengaluru,20:10,23:00,02 h 50 m,Non stop," 9,419"
113,113,IndiGo,"Wed, Jun 8, 2022",New Delhi,Bengaluru,13:00,21:05,08 h 05 m,1 stop via Jaipur," 9,461"
114,114,SpiceJet,"Wed, Jun 8, 2022",New Delhi,Bengaluru,06:05,08:55,02 h 50 m,Non stop," 9,523"
115,115,SpiceJet,"Wed, Jun 8, 2022",New Delhi,Bengaluru,20:00,22:30,02 h 30 m,Non stop," 9,523"
116,116,Air India,"Wed, Jun 8, 2022",New Delhi,Bengaluru,21:15,00:05,02 h 50 m,Non stop," 9,630"
117,117,IndiGo,"Wed, Jun 8, 2022",New Delhi,Bengaluru,06:55,09:50,02 h 55 m,Non stop," 9,734"
118,118,Vistara,"Wed, Jun 8, 2022",New Delhi,Bengaluru,06:15,09:00,02 h 45 m,Non stop," 9,735"
119,119,AirAsia,"Wed, Jun 8, 2022",New Delhi,Bengaluru,12:40,23:30,10 h 50 m,"2 stop via Guwahati,Chennai"," 8,892"
120,120,AirAsia,"Wed, Jun 8, 2022",New Delhi,Bengaluru,05:45,23:30,17 h 45 m,"2 stop via Guwahati,Chennai"," 8,892"
121,121,Go First,"Wed, Jun 8, 2022",New Delhi,Bengaluru,05:50,08:30,02 h 40 m,Non stop," 8,893"
122,122,Go First,"Wed, Jun 8, 2022",New Delhi,Bengaluru,11:50,17:05,05 h 15 m,1 stop via Ranchi," 8,893"
123,123,IndiGo,"Wed, Jun 8, 2022",New Delhi,Bengaluru,02:25,05:15,02 h 50 m,Non stop," 8,894"
124,124,IndiGo,"Wed, Jun 8, 2022",New Delhi,Bengaluru,03:50,06:40,02 h 50 m,Non stop," 8,894"
125,125,IndiGo,"Wed, Jun 8, 2022",New Delhi,Bengaluru,05:50,08:35,02 h 45 m,Non stop," 8,894"
126,126,IndiGo,"Wed, Jun 8, 2022",New Delhi,Bengaluru,21:30,00:15,02 h 45 m,Non stop," 8,894"
127,127,IndiGo,"Wed, Jun 8, 2022",New Delhi,Bengaluru,22:55,01:45,02 h 50 m,Non stop," 8,894"
128,128,IndiGo,"Wed, Jun 8, 2022",New Delhi,Bengaluru,05:15,10:15,05 h,1 stop via Nagpur," 8,894"
129,129,IndiGo,"Wed, Jun 8, 2022",New Delhi,Bengaluru,20:10,23:00,02 h 50 m,Non stop," 9,419"
130,130,IndiGo,"Wed, Jun 8, 2022",New Delhi,Bengaluru,13:00,21:05,08 h 05 m,1 stop via Jaipur," 9,461"
131,131,SpiceJet,"Wed, Jun 8, 2022",New Delhi,Bengaluru,06:05,08:55,02 h 50 m,Non stop," 9,523"
132,132,SpiceJet,"Wed, Jun 8, 2022",New Delhi,Bengaluru,20:00,22:30,02 h 30 m,Non stop," 9,523"
133,133,Air India,"Wed, Jun 8, 2022",New Delhi,Bengaluru,21:15,00:05,02 h 50 m,Non stop," 9,630"
134,134,IndiGo,"Wed, Jun 8, 2022",New Delhi,Bengaluru,06:55,09:50,02 h 55 m,Non stop," 9,734"
135,135,Vistara,"Wed, Jun 8, 2022",New Delhi,Bengaluru,06:15,09:00,02 h 45 m,Non stop," 9,735"
136,136,AirAsia,"Wed, Jun 8, 2022",New Delhi,Bengaluru,12:40,23:30,10 h 50 m,"2 stop via Guwahati,Chennai"," 8,892"
137,137,AirAsia,"Wed, Jun 8, 2022",New Delhi,Bengaluru,05:45,23:30,17 h 45 m,"2 stop via Guwahati,Chennai"," 8,892"
138,138,Go First,"Wed, Jun 8, 2022",New Delhi,Bengaluru,05:50,08:30,02 h 40 m,Non stop," 8,893"
139,139,Go First,"Wed, Jun 8, 2022",New Delhi,Bengaluru,11:50,17:05,05 h 15 m,1 stop via Ranchi," 8,893"
140,140,IndiGo,"Wed, Jun 8, 2022",New Delhi,Bengaluru,02:25,05:15,02 h 50 m,Non stop," 8,894"
141,141,IndiGo,"Wed, Jun 8, 2022",New Delhi,Bengaluru,03:50,06:40,02 h 50 m,Non stop," 8,894"
142,142,IndiGo,"Wed, Jun 8, 2022",New Delhi,Bengaluru,05:50,08:35,02 h 45 m,Non stop," 8,894"
143,143,IndiGo,"Wed, Jun 8, 2022",New Delhi,Bengaluru,21:30,00:15,02 h 45 m,Non stop," 8,894"
144,144,IndiGo,"Wed, Jun 8, 2022",New Delhi,Bengaluru,22:55,01:45,02 h 50 m,Non stop," 8,894"
145,145,IndiGo,"Wed, Jun 8, 2022",New Delhi,Bengaluru,05:15,10:15,05 h,1 stop via Nagpur," 8,894"
146,146,IndiGo,"Wed, Jun 8, 2022",New Delhi,Bengaluru,20:10,23:00,02 h 50 m,Non stop," 9,419"
147,147,IndiGo,"Wed, Jun 8, 2022",New Delhi,Bengaluru,13:00,21:05,08 h 05 m,1 stop via Jaipur," 9,461"
148,148,SpiceJet,"Wed, Jun 8, 2022",New Delhi,Bengaluru,06:05,08:55,02 h 50 m,Non stop," 9,523"
149,149,SpiceJet,"Wed, Jun 8, 2022",New Delhi,Bengaluru,20:00,22:30,02 h 30 m,Non stop," 9,523"
150,150,Air India,"Wed, Jun 8, 2022",New Delhi,Bengaluru,21:15,00:05,02 h 50 m,Non stop," 9,630"
151,151,IndiGo,"Wed, Jun 8, 2022",New Delhi,Bengaluru,06:55,09:50,02 h 55 m,Non stop," 9,734"
152,152,Vistara,"Wed, Jun 8, 2022",New Delhi,Bengaluru,06:15,09:00,02 h 45 m,Non stop," 9,735"
0,0,Go First,"Wed, Jun 8, 2022",Chennai,Mumbai,13:40,15:40,02 h,Non stop," 8,142"
1,1,IndiGo,"Wed, Jun 8, 2022",Chennai,Mumbai,04:05,05:55,01 h 50 m,Non stop," 8,143"
2,2,Air India,"Wed, Jun 8, 2022",Chennai,Mumbai,07:10,09:05,01 h 55 m,Non stop," 8,143"
3,3,IndiGo,"Wed, Jun 8, 2022",Chennai,Mumbai,09:30,11:40,02 h 10 m,Non stop," 8,143"
4,4,IndiGo,"Wed, Jun 8, 2022",Chennai,Mumbai,11:50,13:40,01 h 50 m,Non stop," 8,143"
5,5,IndiGo,"Wed, Jun 8, 2022",Chennai,Mumbai,12:55,14:45,01 h 50 m,Non stop," 8,143"
6,6,IndiGo,"Wed, Jun 8, 2022",Chennai,Mumbai,20:25,22:30,02 h 05 m,Non stop," 8,143"
7,7,IndiGo,"Wed, Jun 8, 2022",Chennai,Mumbai,22:20,00:15,01 h 55 m,Non stop," 8,143"
8,8,Vistara,"Wed, Jun 8, 2022",Chennai,Mumbai,09:45,11:40,01 h 55 m,Non stop," 8,144"
9,9,Vistara,"Wed, Jun 8, 2022",Chennai,Mumbai,12:30,14:30,02 h,Non stop," 8,144"
10,10,Vistara,"Wed, Jun 8, 2022",Chennai,Mumbai,20:30,22:35,02 h 05 m,Non stop," 8,144"
11,11,IndiGo,"Wed, Jun 8, 2022",Chennai,Mumbai,19:30,21:20,01 h 50 m,Non stop," 8,563"
12,12,SpiceJet,"Wed, Jun 8, 2022",Chennai,Mumbai,05:55,10:35,04 h 40 m,1 stop via Jabalpur," 9,088"
13,13,Vistara,"Wed, Jun 8, 2022",Chennai,Mumbai,07:00,09:00,02 h,Non stop," 9,194"
14,14,Air India,"Wed, Jun 8, 2022",Chennai,Mumbai,06:00,12:35,06 h 35 m,1 stop via New Delhi," 9,879"
15,15,Go First,"Wed, Jun 8, 2022",Chennai,Mumbai,13:40,15:40,02 h,Non stop," 8,142"
16,16,IndiGo,"Wed, Jun 8, 2022",Chennai,Mumbai,04:05,05:55,01 h 50 m,Non stop," 8,143"
17,17,Air India,"Wed, Jun 8, 2022",Chennai,Mumbai,07:10,09:05,01 h 55 m,Non stop," 8,143"
18,18,IndiGo,"Wed, Jun 8, 2022",Chennai,Mumbai,09:30,11:40,02 h 10 m,Non stop," 8,143"
19,19,IndiGo,"Wed, Jun 8, 2022",Chennai,Mumbai,11:50,13:40,01 h 50 m,Non stop," 8,143"
20,20,IndiGo,"Wed, Jun 8, 2022",Chennai,Mumbai,12:55,14:45,01 h 50 m,Non stop," 8,143"
21,21,IndiGo,"Wed, Jun 8, 2022",Chennai,Mumbai,20:25,22:30,02 h 05 m,Non stop," 8,143"
22,22,IndiGo,"Wed, Jun 8, 2022",Chennai,Mumbai,22:20,00:15,01 h 55 m,Non stop," 8,143"
23,23,Vistara,"Wed, Jun 8, 2022",Chennai,Mumbai,09:45,11:40,01 h 55 m,Non stop," 8,144"
24,24,Vistara,"Wed, Jun 8, 2022",Chennai,Mumbai,12:30,14:30,02 h,Non stop," 8,144"
25,25,Vistara,"Wed, Jun 8, 2022",Chennai,Mumbai,20:30,22:35,02 h 05 m,Non stop," 8,144"
26,26,IndiGo,"Wed, Jun 8, 2022",Chennai,Mumbai,19:30,21:20,01 h 50 m,Non stop," 8,563"
27,27,SpiceJet,"Wed, Jun 8, 2022",Chennai,Mumbai,05:55,10:35,04 h 40 m,1 stop via Jabalpur," 9,088"
28,28,Vistara,"Wed, Jun 8, 2022",Chennai,Mumbai,07:00,09:00,02 h,Non stop," 9,194"
29,29,Air India,"Wed, Jun 8, 2022",Chennai,Mumbai,06:00,12:35,06 h 35 m,1 stop via New Delhi," 9,879"
30,30,Go First,"Wed, Jun 8, 2022",Chennai,Mumbai,13:40,15:40,02 h,Non stop," 8,142"
31,31,IndiGo,"Wed, Jun 8, 2022",Chennai,Mumbai,04:05,05:55,01 h 50 m,Non stop," 8,143"
32,32,Air India,"Wed, Jun 8, 2022",Chennai,Mumbai,07:10,09:05,01 h 55 m,Non stop," 8,143"
33,33,IndiGo,"Wed, Jun 8, 2022",Chennai,Mumbai,09:30,11:40,02 h 10 m,Non stop," 8,143"
34,34,IndiGo,"Wed, Jun 8, 2022",Chennai,Mumbai,11:50,13:40,01 h 50 m,Non stop," 8,143"
35,35,IndiGo,"Wed, Jun 8, 2022",Chennai,Mumbai,12:55,14:45,01 h 50 m,Non stop," 8,143"
36,36,IndiGo,"Wed, Jun 8, 2022",Chennai,Mumbai,20:25,22:30,02 h 05 m,Non stop," 8,143"
37,37,IndiGo,"Wed, Jun 8, 2022",Chennai,Mumbai,22:20,00:15,01 h 55 m,Non stop," 8,143"
38,38,Vistara,"Wed, Jun 8, 2022",Chennai,Mumbai,09:45,11:40,01 h 55 m,Non stop," 8,144"
39,39,Vistara,"Wed, Jun 8, 2022",Chennai,Mumbai,12:30,14:30,02 h,Non stop," 8,144"
40,40,Vistara,"Wed, Jun 8, 2022",Chennai,Mumbai,20:30,22:35,02 h 05 m,Non stop," 8,144"
41,41,IndiGo,"Wed, Jun 8, 2022",Chennai,Mumbai,19:30,21:20,01 h 50 m,Non stop," 8,563"
42,42,SpiceJet,"Wed, Jun 8, 2022",Chennai,Mumbai,05:55,10:35,04 h 40 m,1 stop via Jabalpur," 9,088"
43,43,Vistara,"Wed, Jun 8, 2022",Chennai,Mumbai,07:00,09:00,02 h,Non stop," 9,194"
44,44,Air India,"Wed, Jun 8, 2022",Chennai,Mumbai,06:00,12:35,06 h 35 m,1 stop via New Delhi," 9,879"
45,45,Go First,"Wed, Jun 8, 2022",Chennai,Mumbai,13:40,15:40,02 h,Non stop," 8,142"
46,46,IndiGo,"Wed, Jun 8, 2022",Chennai,Mumbai,04:05,05:55,01 h 50 m,Non stop," 8,143"
47,47,Air India,"Wed, Jun 8, 2022",Chennai,Mumbai,07:10,09:05,01 h 55 m,Non stop," 8,143"
48,48,IndiGo,"Wed, Jun 8, 2022",Chennai,Mumbai,09:30,11:40,02 h 10 m,Non stop," 8,143"
49,49,IndiGo,"Wed, Jun 8, 2022",Chennai,Mumbai,11:50,13:40,01 h 50 m,Non stop," 8,143"
50,50,IndiGo,"Wed, Jun 8, 2022",Chennai,Mumbai,12:55,14:45,01 h 50 m,Non stop," 8,143"
51,51,IndiGo,"Wed, Jun 8, 2022",Chennai,Mumbai,20:25,22:30,02 h 05 m,Non stop," 8,143"
52,52,IndiGo,"Wed, Jun 8, 2022",Chennai,Mumbai,22:20,00:15,01 h 55 m,Non stop," 8,143"
53,53,Vistara,"Wed, Jun 8, 2022",Chennai,Mumbai,09:45,11:40,01 h 55 m,Non stop," 8,144"
54,54,Vistara,"Wed, Jun 8, 2022",Chennai,Mumbai,12:30,14:30,02 h,Non stop," 8,144"
55,55,Vistara,"Wed, Jun 8, 2022",Chennai,Mumbai,20:30,22:35,02 h 05 m,Non stop," 8,144"
56,56,IndiGo,"Wed, Jun 8, 2022",Chennai,Mumbai,19:30,21:20,01 h 50 m,Non stop," 8,563"
57,57,SpiceJet,"Wed, Jun 8, 2022",Chennai,Mumbai,05:55,10:35,04 h 40 m,1 stop via Jabalpur," 9,088"
58,58,Vistara,"Wed, Jun 8, 2022",Chennai,Mumbai,07:00,09:00,02 h,Non stop," 9,194"
59,59,Air India,"Wed, Jun 8, 2022",Chennai,Mumbai,06:00,12:35,06 h 35 m,1 stop via New Delhi," 9,879"
60,60,Go First,"Wed, Jun 8, 2022",Chennai,Mumbai,13:40,15:40,02 h,Non stop," 8,142"
61,61,IndiGo,"Wed, Jun 8, 2022",Chennai,Mumbai,04:05,05:55,01 h 50 m,Non stop," 8,143"
62,62,Air India,"Wed, Jun 8, 2022",Chennai,Mumbai,07:10,09:05,01 h 55 m,Non stop," 8,143"
63,63,IndiGo,"Wed, Jun 8, 2022",Chennai,Mumbai,09:30,11:40,02 h 10 m,Non stop," 8,143"
64,64,IndiGo,"Wed, Jun 8, 2022",Chennai,Mumbai,11:50,13:40,01 h 50 m,Non stop," 8,143"
65,65,IndiGo,"Wed, Jun 8, 2022",Chennai,Mumbai,12:55,14:45,01 h 50 m,Non stop," 8,143"
66,66,IndiGo,"Wed, Jun 8, 2022",Chennai,Mumbai,20:25,22:30,02 h 05 m,Non stop," 8,143"
67,67,IndiGo,"Wed, Jun 8, 2022",Chennai,Mumbai,22:20,00:15,01 h 55 m,Non stop," 8,143"
68,68,Vistara,"Wed, Jun 8, 2022",Chennai,Mumbai,09:45,11:40,01 h 55 m,Non stop," 8,144"
69,69,Vistara,"Wed, Jun 8, 2022",Chennai,Mumbai,12:30,14:30,02 h,Non stop," 8,144"
70,70,Vistara,"Wed, Jun 8, 2022",Chennai,Mumbai,20:30,22:35,02 h 05 m,Non stop," 8,144"
71,71,IndiGo,"Wed, Jun 8, 2022",Chennai,Mumbai,19:30,21:20,01 h 50 m,Non stop," 8,563"
72,72,SpiceJet,"Wed, Jun 8, 2022",Chennai,Mumbai,05:55,10:35,04 h 40 m,1 stop via Jabalpur," 9,088"
73,73,Vistara,"Wed, Jun 8, 2022",Chennai,Mumbai,07:00,09:00,02 h,Non stop," 9,194"
74,74,Air India,"Wed, Jun 8, 2022",Chennai,Mumbai,06:00,12:35,06 h 35 m,1 stop via New Delhi," 9,879"
75,75,Go First,"Wed, Jun 8, 2022",Chennai,Mumbai,13:40,15:40,02 h,Non stop," 8,142"
76,76,IndiGo,"Wed, Jun 8, 2022",Chennai,Mumbai,04:05,05:55,01 h 50 m,Non stop," 8,143"
77,77,Air India,"Wed, Jun 8, 2022",Chennai,Mumbai,07:10,09:05,01 h 55 m,Non stop," 8,143"
78,78,IndiGo,"Wed, Jun 8, 2022",Chennai,Mumbai,09:30,11:40,02 h 10 m,Non stop," 8,143"
79,79,IndiGo,"Wed, Jun 8, 2022",Chennai,Mumbai,11:50,13:40,01 h 50 m,Non stop," 8,143"
80,80,IndiGo,"Wed, Jun 8, 2022",Chennai,Mumbai,12:55,14:45,01 h 50 m,Non stop," 8,143"
81,81,IndiGo,"Wed, Jun 8, 2022",Chennai,Mumbai,20:25,22:30,02 h 05 m,Non stop," 8,143"
82,82,IndiGo,"Wed, Jun 8, 2022",Chennai,Mumbai,22:20,00:15,01 h 55 m,Non stop," 8,143"
83,83,Vistara,"Wed, Jun 8, 2022",Chennai,Mumbai,09:45,11:40,01 h 55 m,Non stop," 8,144"
84,84,Vistara,"Wed, Jun 8, 2022",Chennai,Mumbai,12:30,14:30,02 h,Non stop," 8,144"
85,85,Vistara,"Wed, Jun 8, 2022",Chennai,Mumbai,20:30,22:35,02 h 05 m,Non stop," 8,144"
86,86,IndiGo,"Wed, Jun 8, 2022",Chennai,Mumbai,19:30,21:20,01 h 50 m,Non stop," 8,563"
87,87,SpiceJet,"Wed, Jun 8, 2022",Chennai,Mumbai,05:55,10:35,04 h 40 m,1 stop via Jabalpur," 9,088"
88,88,Vistara,"Wed, Jun 8, 2022",Chennai,Mumbai,07:00,09:00,02 h,Non stop," 9,194"
89,89,Air India,"Wed, Jun 8, 2022",Chennai,Mumbai,06:00,12:35,06 h 35 m,1 stop via New Delhi," 9,879"
90,90,Go First,"Wed, Jun 8, 2022",Chennai,Mumbai,13:40,15:40,02 h,Non stop," 8,142"
91,91,IndiGo,"Wed, Jun 8, 2022",Chennai,Mumbai,04:05,05:55,01 h 50 m,Non stop," 8,143"
92,92,Air India,"Wed, Jun 8, 2022",Chennai,Mumbai,07:10,09:05,01 h 55 m,Non stop," 8,143"
93,93,IndiGo,"Wed, Jun 8, 2022",Chennai,Mumbai,09:30,11:40,02 h 10 m,Non stop," 8,143"
94,94,IndiGo,"Wed, Jun 8, 2022",Chennai,Mumbai,11:50,13:40,01 h 50 m,Non stop," 8,143"
95,95,IndiGo,"Wed, Jun 8, 2022",Chennai,Mumbai,12:55,14:45,01 h 50 m,Non stop," 8,143"
96,96,IndiGo,"Wed, Jun 8, 2022",Chennai,Mumbai,20:25,22:30,02 h 05 m,Non stop," 8,143"
97,97,IndiGo,"Wed, Jun 8, 2022",Chennai,Mumbai,22:20,00:15,01 h 55 m,Non stop," 8,143"
98,98,Vistara,"Wed, Jun 8, 2022",Chennai,Mumbai,09:45,11:40,01 h 55 m,Non stop," 8,144"
99,99,Vistara,"Wed, Jun 8, 2022",Chennai,Mumbai,12:30,14:30,02 h,Non stop," 8,144"
100,100,Vistara,"Wed, Jun 8, 2022",Chennai,Mumbai,20:30,22:35,02 h 05 m,Non stop," 8,144"
101,101,IndiGo,"Wed, Jun 8, 2022",Chennai,Mumbai,19:30,21:20,01 h 50 m,Non stop," 8,563"
102,102,SpiceJet,"Wed, Jun 8, 2022",Chennai,Mumbai,05:55,10:35,04 h 40 m,1 stop via Jabalpur," 9,088"
103,103,Vistara,"Wed, Jun 8, 2022",Chennai,Mumbai,07:00,09:00,02 h,Non stop," 9,194"
104,104,Air India,"Wed, Jun 8, 2022",Chennai,Mumbai,06:00,12:35,06 h 35 m,1 stop via New Delhi," 9,879"
105,105,Go First,"Wed, Jun 8, 2022",Chennai,Mumbai,13:40,15:40,02 h,Non stop," 8,142"
106,106,IndiGo,"Wed, Jun 8, 2022",Chennai,Mumbai,04:05,05:55,01 h 50 m,Non stop," 8,143"
107,107,Air India,"Wed, Jun 8, 2022",Chennai,Mumbai,07:10,09:05,01 h 55 m,Non stop," 8,143"
108,108,IndiGo,"Wed, Jun 8, 2022",Chennai,Mumbai,09:30,11:40,02 h 10 m,Non stop," 8,143"
109,109,IndiGo,"Wed, Jun 8, 2022",Chennai,Mumbai,11:50,13:40,01 h 50 m,Non stop," 8,143"
110,110,IndiGo,"Wed, Jun 8, 2022",Chennai,Mumbai,12:55,14:45,01 h 50 m,Non stop," 8,143"
111,111,IndiGo,"Wed, Jun 8, 2022",Chennai,Mumbai,20:25,22:30,02 h 05 m,Non stop," 8,143"
112,112,IndiGo,"Wed, Jun 8, 2022",Chennai,Mumbai,22:20,00:15,01 h 55 m,Non stop," 8,143"
113,113,Vistara,"Wed, Jun 8, 2022",Chennai,Mumbai,09:45,11:40,01 h 55 m,Non stop," 8,144"
114,114,Vistara,"Wed, Jun 8, 2022",Chennai,Mumbai,12:30,14:30,02 h,Non stop," 8,144"
115,115,Vistara,"Wed, Jun 8, 2022",Chennai,Mumbai,20:30,22:35,02 h 05 m,Non stop," 8,144"
116,116,IndiGo,"Wed, Jun 8, 2022",Chennai,Mumbai,19:30,21:20,01 h 50 m,Non stop," 8,563"
117,117,SpiceJet,"Wed, Jun 8, 2022",Chennai,Mumbai,05:55,10:35,04 h 40 m,1 stop via Jabalpur," 9,088"
118,118,Vistara,"Wed, Jun 8, 2022",Chennai,Mumbai,07:00,09:00,02 h,Non stop," 9,194"
119,119,Air India,"Wed, Jun 8, 2022",Chennai,Mumbai,06:00,12:35,06 h 35 m,1 stop via New Delhi," 9,879"
120,120,Go First,"Wed, Jun 8, 2022",Chennai,Mumbai,13:40,15:40,02 h,Non stop," 8,142"
121,121,IndiGo,"Wed, Jun 8, 2022",Chennai,Mumbai,04:05,05:55,01 h 50 m,Non stop," 8,143"
122,122,Air India,"Wed, Jun 8, 2022",Chennai,Mumbai,07:10,09:05,01 h 55 m,Non stop," 8,143"
123,123,IndiGo,"Wed, Jun 8, 2022",Chennai,Mumbai,09:30,11:40,02 h 10 m,Non stop," 8,143"
124,124,IndiGo,"Wed, Jun 8, 2022",Chennai,Mumbai,11:50,13:40,01 h 50 m,Non stop," 8,143"
125,125,IndiGo,"Wed, Jun 8, 2022",Chennai,Mumbai,12:55,14:45,01 h 50 m,Non stop," 8,143"
126,126,IndiGo,"Wed, Jun 8, 2022",Chennai,Mumbai,20:25,22:30,02 h 05 m,Non stop," 8,143"
127,127,IndiGo,"Wed, Jun 8, 2022",Chennai,Mumbai,22:20,00:15,01 h 55 m,Non stop," 8,143"
128,128,Vistara,"Wed, Jun 8, 2022",Chennai,Mumbai,09:45,11:40,01 h 55 m,Non stop," 8,144"
129,129,Vistara,"Wed, Jun 8, 2022",Chennai,Mumbai,12:30,14:30,02 h,Non stop," 8,144"
130,130,Vistara,"Wed, Jun 8, 2022",Chennai,Mumbai,20:30,22:35,02 h 05 m,Non stop," 8,144"
131,131,IndiGo,"Wed, Jun 8, 2022",Chennai,Mumbai,19:30,21:20,01 h 50 m,Non stop," 8,563"
132,132,SpiceJet,"Wed, Jun 8, 2022",Chennai,Mumbai,05:55,10:35,04 h 40 m,1 stop via Jabalpur," 9,088"
133,133,Vistara,"Wed, Jun 8, 2022",Chennai,Mumbai,07:00,09:00,02 h,Non stop," 9,194"
134,134,Air India,"Wed, Jun 8, 2022",Chennai,Mumbai,06:00,12:35,06 h 35 m,1 stop via New Delhi," 9,879"
0,0,Go First,"Wed, Jun 8, 2022",Pune,Kolkata,13:40,16:05,02 h 25 m,Non stop," 9,197"
1,1,Go First,"Wed, Jun 8, 2022",Pune,Kolkata,22:35,07:50,09 h 15 m,1 stop via New Delhi," 9,197"
2,2,Go First,"Wed, Jun 8, 2022",Pune,Kolkata,21:15,07:50,10 h 35 m,1 stop via New Delhi," 9,197"
3,3,Go First,"Wed, Jun 8, 2022",Pune,Kolkata,19:35,07:50,12 h 15 m,1 stop via New Delhi," 9,197"
4,4,SpiceJet,"Wed, Jun 8, 2022",Pune,Kolkata,17:35,09:05,15 h 30 m,1 stop via New Delhi," 9,197"
5,5,SpiceJet,"Wed, Jun 8, 2022",Pune,Kolkata,22:30,09:15,10 h 45 m,1 stop via Chennai," 9,197"
6,6,Go First,"Wed, Jun 8, 2022",Pune,Kolkata,22:50,09:45,10 h 55 m,1 stop via Bengaluru," 9,197"
7,7,Go First,"Wed, Jun 8, 2022",Pune,Kolkata,20:10,09:45,13 h 35 m,1 stop via Bengaluru," 9,197"
8,8,IndiGo,"Wed, Jun 8, 2022",Pune,Kolkata,06:05,08:35,02 h 30 m,Non stop," 9,198"
9,9,IndiGo,"Wed, Jun 8, 2022",Pune,Kolkata,23:45,02:25,02 h 40 m,Non stop," 9,198"
10,10,IndiGo,"Wed, Jun 8, 2022",Pune,Kolkata,02:00,07:50,05 h 50 m,1 stop via New Delhi," 9,198"
11,11,IndiGo,"Wed, Jun 8, 2022",Pune,Kolkata,03:00,10:05,07 h 05 m,1 stop via Patna," 9,198"
12,12,IndiGo,"Wed, Jun 8, 2022",Pune,Kolkata,02:50,10:10,07 h 20 m,1 stop via Guwahati," 9,198"
13,13,IndiGo,"Wed, Jun 8, 2022",Pune,Kolkata,04:35,10:20,05 h 45 m,1 stop via Bengaluru," 9,198"
14,14,IndiGo,"Wed, Jun 8, 2022",Pune,Kolkata,04:35,14:20,09 h 45 m,1 stop via Bengaluru," 9,198"
15,15,IndiGo,"Wed, Jun 8, 2022",Pune,Kolkata,23:40,07:35,07 h 55 m,1 stop via Chennai," 9,198"
16,16,IndiGo,"Wed, Jun 8, 2022",Pune,Kolkata,22:40,09:00,10 h 20 m,1 stop via Ahmedabad," 9,198"
17,17,Go First,"Wed, Jun 8, 2022",Pune,Kolkata,13:40,16:05,02 h 25 m,Non stop," 9,197"
18,18,Go First,"Wed, Jun 8, 2022",Pune,Kolkata,22:35,07:50,09 h 15 m,1 stop via New Delhi," 9,197"
19,19,Go First,"Wed, Jun 8, 2022",Pune,Kolkata,21:15,07:50,10 h 35 m,1 stop via New Delhi," 9,197"
20,20,Go First,"Wed, Jun 8, 2022",Pune,Kolkata,19:35,07:50,12 h 15 m,1 stop via New Delhi," 9,197"
21,21,SpiceJet,"Wed, Jun 8, 2022",Pune,Kolkata,17:35,09:05,15 h 30 m,1 stop via New Delhi," 9,197"
22,22,SpiceJet,"Wed, Jun 8, 2022",Pune,Kolkata,22:30,09:15,10 h 45 m,1 stop via Chennai," 9,197"
23,23,Go First,"Wed, Jun 8, 2022",Pune,Kolkata,22:50,09:45,10 h 55 m,1 stop via Bengaluru," 9,197"
24,24,Go First,"Wed, Jun 8, 2022",Pune,Kolkata,20:10,09:45,13 h 35 m,1 stop via Bengaluru," 9,197"
25,25,IndiGo,"Wed, Jun 8, 2022",Pune,Kolkata,06:05,08:35,02 h 30 m,Non stop," 9,198"
26,26,IndiGo,"Wed, Jun 8, 2022",Pune,Kolkata,23:45,02:25,02 h 40 m,Non stop," 9,198"
27,27,IndiGo,"Wed, Jun 8, 2022",Pune,Kolkata,02:00,07:50,05 h 50 m,1 stop via New Delhi," 9,198"
28,28,IndiGo,"Wed, Jun 8, 2022",Pune,Kolkata,03:00,10:05,07 h 05 m,1 stop via Patna," 9,198"
29,29,IndiGo,"Wed, Jun 8, 2022",Pune,Kolkata,02:50,10:10,07 h 20 m,1 stop via Guwahati," 9,198"
30,30,IndiGo,"Wed, Jun 8, 2022",Pune,Kolkata,04:35,10:20,05 h 45 m,1 stop via Bengaluru," 9,198"
31,31,IndiGo,"Wed, Jun 8, 2022",Pune,Kolkata,04:35,14:20,09 h 45 m,1 stop via Bengaluru," 9,198"
32,32,IndiGo,"Wed, Jun 8, 2022",Pune,Kolkata,23:40,07:35,07 h 55 m,1 stop via Chennai," 9,198"
33,33,IndiGo,"Wed, Jun 8, 2022",Pune,Kolkata,22:40,09:00,10 h 20 m,1 stop via Ahmedabad," 9,198"
34,34,Go First,"Wed, Jun 8, 2022",Pune,Kolkata,13:40,16:05,02 h 25 m,Non stop," 9,197"
35,35,Go First,"Wed, Jun 8, 2022",Pune,Kolkata,22:35,07:50,09 h 15 m,1 stop via New Delhi," 9,197"
36,36,Go First,"Wed, Jun 8, 2022",Pune,Kolkata,21:15,07:50,10 h 35 m,1 stop via New Delhi," 9,197"
37,37,Go First,"Wed, Jun 8, 2022",Pune,Kolkata,19:35,07:50,12 h 15 m,1 stop via New Delhi," 9,197"
38,38,SpiceJet,"Wed, Jun 8, 2022",Pune,Kolkata,17:35,09:05,15 h 30 m,1 stop via New Delhi," 9,197"
39,39,SpiceJet,"Wed, Jun 8, 2022",Pune,Kolkata,22:30,09:15,10 h 45 m,1 stop via Chennai," 9,197"
40,40,Go First,"Wed, Jun 8, 2022",Pune,Kolkata,22:50,09:45,10 h 55 m,1 stop via Bengaluru," 9,197"
41,41,Go First,"Wed, Jun 8, 2022",Pune,Kolkata,20:10,09:45,13 h 35 m,1 stop via Bengaluru," 9,197"
42,42,IndiGo,"Wed, Jun 8, 2022",Pune,Kolkata,06:05,08:35,02 h 30 m,Non stop," 9,198"
43,43,IndiGo,"Wed, Jun 8, 2022",Pune,Kolkata,23:45,02:25,02 h 40 m,Non stop," 9,198"
44,44,IndiGo,"Wed, Jun 8, 2022",Pune,Kolkata,02:00,07:50,05 h 50 m,1 stop via New Delhi," 9,198"
45,45,IndiGo,"Wed, Jun 8, 2022",Pune,Kolkata,03:00,10:05,07 h 05 m,1 stop via Patna," 9,198"
46,46,IndiGo,"Wed, Jun 8, 2022",Pune,Kolkata,02:50,10:10,07 h 20 m,1 stop via Guwahati," 9,198"
47,47,IndiGo,"Wed, Jun 8, 2022",Pune,Kolkata,04:35,10:20,05 h 45 m,1 stop via Bengaluru," 9,198"
48,48,IndiGo,"Wed, Jun 8, 2022",Pune,Kolkata,04:35,14:20,09 h 45 m,1 stop via Bengaluru," 9,198"
49,49,IndiGo,"Wed, Jun 8, 2022",Pune,Kolkata,23:40,07:35,07 h 55 m,1 stop via Chennai," 9,198"
50,50,IndiGo,"Wed, Jun 8, 2022",Pune,Kolkata,22:40,09:00,10 h 20 m,1 stop via Ahmedabad," 9,198"
51,51,Go First,"Wed, Jun 8, 2022",Pune,Kolkata,13:40,16:05,02 h 25 m,Non stop," 9,197"
52,52,Go First,"Wed, Jun 8, 2022",Pune,Kolkata,22:35,07:50,09 h 15 m,1 stop via New Delhi," 9,197"
53,53,Go First,"Wed, Jun 8, 2022",Pune,Kolkata,21:15,07:50,10 h 35 m,1 stop via New Delhi," 9,197"
54,54,Go First,"Wed, Jun 8, 2022",Pune,Kolkata,19:35,07:50,12 h 15 m,1 stop via New Delhi," 9,197"
55,55,SpiceJet,"Wed, Jun 8, 2022",Pune,Kolkata,17:35,09:05,15 h 30 m,1 stop via New Delhi," 9,197"
56,56,SpiceJet,"Wed, Jun 8, 2022",Pune,Kolkata,22:30,09:15,10 h 45 m,1 stop via Chennai," 9,197"
57,57,Go First,"Wed, Jun 8, 2022",Pune,Kolkata,22:50,09:45,10 h 55 m,1 stop via Bengaluru," 9,197"
58,58,Go First,"Wed, Jun 8, 2022",Pune,Kolkata,20:10,09:45,13 h 35 m,1 stop via Bengaluru," 9,197"
59,59,IndiGo,"Wed, Jun 8, 2022",Pune,Kolkata,06:05,08:35,02 h 30 m,Non stop," 9,198"
60,60,IndiGo,"Wed, Jun 8, 2022",Pune,Kolkata,23:45,02:25,02 h 40 m,Non stop," 9,198"
61,61,IndiGo,"Wed, Jun 8, 2022",Pune,Kolkata,02:00,07:50,05 h 50 m,1 stop via New Delhi," 9,198"
62,62,IndiGo,"Wed, Jun 8, 2022",Pune,Kolkata,03:00,10:05,07 h 05 m,1 stop via Patna," 9,198"
63,63,IndiGo,"Wed, Jun 8, 2022",Pune,Kolkata,02:50,10:10,07 h 20 m,1 stop via Guwahati," 9,198"
64,64,IndiGo,"Wed, Jun 8, 2022",Pune,Kolkata,04:35,10:20,05 h 45 m,1 stop via Bengaluru," 9,198"
65,65,IndiGo,"Wed, Jun 8, 2022",Pune,Kolkata,04:35,14:20,09 h 45 m,1 stop via Bengaluru," 9,198"
66,66,IndiGo,"Wed, Jun 8, 2022",Pune,Kolkata,23:40,07:35,07 h 55 m,1 stop via Chennai," 9,198"
67,67,IndiGo,"Wed, Jun 8, 2022",Pune,Kolkata,22:40,09:00,10 h 20 m,1 stop via Ahmedabad," 9,198"
68,68,Go First,"Wed, Jun 8, 2022",Pune,Kolkata,13:40,16:05,02 h 25 m,Non stop," 9,197"
69,69,Go First,"Wed, Jun 8, 2022",Pune,Kolkata,22:35,07:50,09 h 15 m,1 stop via New Delhi," 9,197"
70,70,Go First,"Wed, Jun 8, 2022",Pune,Kolkata,21:15,07:50,10 h 35 m,1 stop via New Delhi," 9,197"
71,71,Go First,"Wed, Jun 8, 2022",Pune,Kolkata,19:35,07:50,12 h 15 m,1 stop via New Delhi," 9,197"
72,72,SpiceJet,"Wed, Jun 8, 2022",Pune,Kolkata,17:35,09:05,15 h 30 m,1 stop via New Delhi," 9,197"
73,73,SpiceJet,"Wed, Jun 8, 2022",Pune,Kolkata,22:30,09:15,10 h 45 m,1 stop via Chennai," 9,197"
74,74,Go First,"Wed, Jun 8, 2022",Pune,Kolkata,22:50,09:45,10 h 55 m,1 stop via Bengaluru," 9,197"
75,75,Go First,"Wed, Jun 8, 2022",Pune,Kolkata,20:10,09:45,13 h 35 m,1 stop via Bengaluru," 9,197"
76,76,IndiGo,"Wed, Jun 8, 2022",Pune,Kolkata,06:05,08:35,02 h 30 m,Non stop," 9,198"
77,77,IndiGo,"Wed, Jun 8, 2022",Pune,Kolkata,23:45,02:25,02 h 40 m,Non stop," 9,198"
78,78,IndiGo,"Wed, Jun 8, 2022",Pune,Kolkata,02:00,07:50,05 h 50 m,1 stop via New Delhi," 9,198"
79,79,IndiGo,"Wed, Jun 8, 2022",Pune,Kolkata,03:00,10:05,07 h 05 m,1 stop via Patna," 9,198"
80,80,IndiGo,"Wed, Jun 8, 2022",Pune,Kolkata,02:50,10:10,07 h 20 m,1 stop via Guwahati," 9,198"
81,81,IndiGo,"Wed, Jun 8, 2022",Pune,Kolkata,04:35,10:20,05 h 45 m,1 stop via Bengaluru," 9,198"
82,82,IndiGo,"Wed, Jun 8, 2022",Pune,Kolkata,04:35,14:20,09 h 45 m,1 stop via Bengaluru," 9,198"
83,83,IndiGo,"Wed, Jun 8, 2022",Pune,Kolkata,23:40,07:35,07 h 55 m,1 stop via Chennai," 9,198"
84,84,IndiGo,"Wed, Jun 8, 2022",Pune,Kolkata,22:40,09:00,10 h 20 m,1 stop via Ahmedabad," 9,198"
85,85,Go First,"Wed, Jun 8, 2022",Pune,Kolkata,13:40,16:05,02 h 25 m,Non stop," 9,197"
86,86,Go First,"Wed, Jun 8, 2022",Pune,Kolkata,22:35,07:50,09 h 15 m,1 stop via New Delhi," 9,197"
87,87,Go First,"Wed, Jun 8, 2022",Pune,Kolkata,21:15,07:50,10 h 35 m,1 stop via New Delhi," 9,197"
88,88,Go First,"Wed, Jun 8, 2022",Pune,Kolkata,19:35,07:50,12 h 15 m,1 stop via New Delhi," 9,197"
89,89,SpiceJet,"Wed, Jun 8, 2022",Pune,Kolkata,17:35,09:05,15 h 30 m,1 stop via New Delhi," 9,197"
90,90,SpiceJet,"Wed, Jun 8, 2022",Pune,Kolkata,22:30,09:15,10 h 45 m,1 stop via Chennai," 9,197"
91,91,Go First,"Wed, Jun 8, 2022",Pune,Kolkata,22:50,09:45,10 h 55 m,1 stop via Bengaluru," 9,197"
92,92,Go First,"Wed, Jun 8, 2022",Pune,Kolkata,20:10,09:45,13 h 35 m,1 stop via Bengaluru," 9,197"
93,93,IndiGo,"Wed, Jun 8, 2022",Pune,Kolkata,06:05,08:35,02 h 30 m,Non stop," 9,198"
94,94,IndiGo,"Wed, Jun 8, 2022",Pune,Kolkata,23:45,02:25,02 h 40 m,Non stop," 9,198"
95,95,IndiGo,"Wed, Jun 8, 2022",Pune,Kolkata,02:00,07:50,05 h 50 m,1 stop via New Delhi," 9,198"
96,96,IndiGo,"Wed, Jun 8, 2022",Pune,Kolkata,03:00,10:05,07 h 05 m,1 stop via Patna," 9,198"
97,97,IndiGo,"Wed, Jun 8, 2022",Pune,Kolkata,02:50,10:10,07 h 20 m,1 stop via Guwahati," 9,198"
98,98,IndiGo,"Wed, Jun 8, 2022",Pune,Kolkata,04:35,10:20,05 h 45 m,1 stop via Bengaluru," 9,198"
99,99,IndiGo,"Wed, Jun 8, 2022",Pune,Kolkata,04:35,14:20,09 h 45 m,1 stop via Bengaluru," 9,198"
100,100,IndiGo,"Wed, Jun 8, 2022",Pune,Kolkata,23:40,07:35,07 h 55 m,1 stop via Chennai," 9,198"
101,101,IndiGo,"Wed, Jun 8, 2022",Pune,Kolkata,22:40,09:00,10 h 20 m,1 stop via Ahmedabad," 9,198"
102,102,Go First,"Wed, Jun 8, 2022",Pune,Kolkata,13:40,16:05,02 h 25 m,Non stop," 9,197"
103,103,Go First,"Wed, Jun 8, 2022",Pune,Kolkata,22:35,07:50,09 h 15 m,1 stop via New Delhi," 9,197"
104,104,Go First,"Wed, Jun 8, 2022",Pune,Kolkata,21:15,07:50,10 h 35 m,1 stop via New Delhi," 9,197"
105,105,Go First,"Wed, Jun 8, 2022",Pune,Kolkata,19:35,07:50,12 h 15 m,1 stop via New Delhi," 9,197"
106,106,SpiceJet,"Wed, Jun 8, 2022",Pune,Kolkata,17:35,09:05,15 h 30 m,1 stop via New Delhi," 9,197"
107,107,SpiceJet,"Wed, Jun 8, 2022",Pune,Kolkata,22:30,09:15,10 h 45 m,1 stop via Chennai," 9,197"
108,108,Go First,"Wed, Jun 8, 2022",Pune,Kolkata,22:50,09:45,10 h 55 m,1 stop via Bengaluru," 9,197"
109,109,Go First,"Wed, Jun 8, 2022",Pune,Kolkata,20:10,09:45,13 h 35 m,1 stop via Bengaluru," 9,197"
110,110,IndiGo,"Wed, Jun 8, 2022",Pune,Kolkata,06:05,08:35,02 h 30 m,Non stop," 9,198"
111,111,IndiGo,"Wed, Jun 8, 2022",Pune,Kolkata,23:45,02:25,02 h 40 m,Non stop," 9,198"
112,112,IndiGo,"Wed, Jun 8, 2022",Pune,Kolkata,02:00,07:50,05 h 50 m,1 stop via New Delhi," 9,198"
113,113,IndiGo,"Wed, Jun 8, 2022",Pune,Kolkata,03:00,10:05,07 h 05 m,1 stop via Patna," 9,198"
114,114,IndiGo,"Wed, Jun 8, 2022",Pune,Kolkata,02:50,10:10,07 h 20 m,1 stop via Guwahati," 9,198"
115,115,IndiGo,"Wed, Jun 8, 2022",Pune,Kolkata,04:35,10:20,05 h 45 m,1 stop via Bengaluru," 9,198"
116,116,IndiGo,"Wed, Jun 8, 2022",Pune,Kolkata,04:35,14:20,09 h 45 m,1 stop via Bengaluru," 9,198"
117,117,IndiGo,"Wed, Jun 8, 2022",Pune,Kolkata,23:40,07:35,07 h 55 m,1 stop via Chennai," 9,198"
118,118,IndiGo,"Wed, Jun 8, 2022",Pune,Kolkata,22:40,09:00,10 h 20 m,1 stop via Ahmedabad," 9,198"
119,119,Go First,"Wed, Jun 8, 2022",Pune,Kolkata,13:40,16:05,02 h 25 m,Non stop," 9,197"
120,120,Go First,"Wed, Jun 8, 2022",Pune,Kolkata,22:35,07:50,09 h 15 m,1 stop via New Delhi," 9,197"
121,121,Go First,"Wed, Jun 8, 2022",Pune,Kolkata,21:15,07:50,10 h 35 m,1 stop via New Delhi," 9,197"
122,122,Go First,"Wed, Jun 8, 2022",Pune,Kolkata,19:35,07:50,12 h 15 m,1 stop via New Delhi," 9,197"
123,123,SpiceJet,"Wed, Jun 8, 2022",Pune,Kolkata,17:35,09:05,15 h 30 m,1 stop via New Delhi," 9,197"
124,124,SpiceJet,"Wed, Jun 8, 2022",Pune,Kolkata,22:30,09:15,10 h 45 m,1 stop via Chennai," 9,197"
125,125,Go First,"Wed, Jun 8, 2022",Pune,Kolkata,22:50,09:45,10 h 55 m,1 stop via Bengaluru," 9,197"
126,126,Go First,"Wed, Jun 8, 2022",Pune,Kolkata,20:10,09:45,13 h 35 m,1 stop via Bengaluru," 9,197"
127,127,IndiGo,"Wed, Jun 8, 2022",Pune,Kolkata,06:05,08:35,02 h 30 m,Non stop," 9,198"
128,128,IndiGo,"Wed, Jun 8, 2022",Pune,Kolkata,23:45,02:25,02 h 40 m,Non stop," 9,198"
129,129,IndiGo,"Wed, Jun 8, 2022",Pune,Kolkata,02:00,07:50,05 h 50 m,1 stop via New Delhi," 9,198"
130,130,IndiGo,"Wed, Jun 8, 2022",Pune,Kolkata,03:00,10:05,07 h 05 m,1 stop via Patna," 9,198"
131,131,IndiGo,"Wed, Jun 8, 2022",Pune,Kolkata,02:50,10:10,07 h 20 m,1 stop via Guwahati," 9,198"
132,132,IndiGo,"Wed, Jun 8, 2022",Pune,Kolkata,04:35,10:20,05 h 45 m,1 stop via Bengaluru," 9,198"
133,133,IndiGo,"Wed, Jun 8, 2022",Pune,Kolkata,04:35,14:20,09 h 45 m,1 stop via Bengaluru," 9,198"
134,134,IndiGo,"Wed, Jun 8, 2022",Pune,Kolkata,23:40,07:35,07 h 55 m,1 stop via Chennai," 9,198"
135,135,IndiGo,"Wed, Jun 8, 2022",Pune,Kolkata,22:40,09:00,10 h 20 m,1 stop via Ahmedabad," 9,198"
136,136,Go First,"Wed, Jun 8, 2022",Pune,Kolkata,13:40,16:05,02 h 25 m,Non stop," 9,197"
137,137,Go First,"Wed, Jun 8, 2022",Pune,Kolkata,22:35,07:50,09 h 15 m,1 stop via New Delhi," 9,197"
138,138,Go First,"Wed, Jun 8, 2022",Pune,Kolkata,21:15,07:50,10 h 35 m,1 stop via New Delhi," 9,197"
139,139,Go First,"Wed, Jun 8, 2022",Pune,Kolkata,19:35,07:50,12 h 15 m,1 stop via New Delhi," 9,197"
140,140,SpiceJet,"Wed, Jun 8, 2022",Pune,Kolkata,17:35,09:05,15 h 30 m,1 stop via New Delhi," 9,197"
141,141,SpiceJet,"Wed, Jun 8, 2022",Pune,Kolkata,22:30,09:15,10 h 45 m,1 stop via Chennai," 9,197"
142,142,Go First,"Wed, Jun 8, 2022",Pune,Kolkata,22:50,09:45,10 h 55 m,1 stop via Bengaluru," 9,197"
143,143,Go First,"Wed, Jun 8, 2022",Pune,Kolkata,20:10,09:45,13 h 35 m,1 stop via Bengaluru," 9,197"
144,144,IndiGo,"Wed, Jun 8, 2022",Pune,Kolkata,06:05,08:35,02 h 30 m,Non stop," 9,198"
145,145,IndiGo,"Wed, Jun 8, 2022",Pune,Kolkata,23:45,02:25,02 h 40 m,Non stop," 9,198"
146,146,IndiGo,"Wed, Jun 8, 2022",Pune,Kolkata,02:00,07:50,05 h 50 m,1 stop via New Delhi," 9,198"
147,147,IndiGo,"Wed, Jun 8, 2022",Pune,Kolkata,03:00,10:05,07 h 05 m,1 stop via Patna," 9,198"
148,148,IndiGo,"Wed, Jun 8, 2022",Pune,Kolkata,02:50,10:10,07 h 20 m,1 stop via Guwahati," 9,198"
149,149,IndiGo,"Wed, Jun 8, 2022",Pune,Kolkata,04:35,10:20,05 h 45 m,1 stop via Bengaluru," 9,198"
150,150,IndiGo,"Wed, Jun 8, 2022",Pune,Kolkata,04:35,14:20,09 h 45 m,1 stop via Bengaluru," 9,198"
151,151,IndiGo,"Wed, Jun 8, 2022",Pune,Kolkata,23:40,07:35,07 h 55 m,1 stop via Chennai," 9,198"
152,152,IndiGo,"Wed, Jun 8, 2022",Pune,Kolkata,22:40,09:00,10 h 20 m,1 stop via Ahmedabad," 9,198"
